-- MySQL dump 10.13  Distrib 5.5.36, for Linux (x86_64)
--
-- Host: aa1pfmk5bc3adom.cwc3xz3zgpoz.us-east-1.rds.amazonaws.com    Database: quizki_db
-- ------------------------------------------------------
-- Server version	5.5.40-log

USE quizki_db;

/*!40101 SET @OLD_CHARACTER_SET_CLIENT=@@CHARACTER_SET_CLIENT */;
/*!40101 SET @OLD_CHARACTER_SET_RESULTS=@@CHARACTER_SET_RESULTS */;
/*!40101 SET @OLD_COLLATION_CONNECTION=@@COLLATION_CONNECTION */;
/*!40101 SET NAMES utf8 */;
/*!40103 SET @OLD_TIME_ZONE=@@TIME_ZONE */;
/*!40103 SET TIME_ZONE='+00:00' */;
/*!40014 SET @OLD_UNIQUE_CHECKS=@@UNIQUE_CHECKS, UNIQUE_CHECKS=0 */;
/*!40014 SET @OLD_FOREIGN_KEY_CHECKS=@@FOREIGN_KEY_CHECKS, FOREIGN_KEY_CHECKS=0 */;
/*!40101 SET @OLD_SQL_MODE=@@SQL_MODE, SQL_MODE='NO_AUTO_VALUE_ON_ZERO' */;
/*!40111 SET @OLD_SQL_NOTES=@@SQL_NOTES, SQL_NOTES=0 */;

--
-- Table structure for table `autocomplete_history`
--

DROP TABLE IF EXISTS `autocomplete_history`;
/*!40101 SET @saved_cs_client     = @@character_set_client */;
/*!40101 SET character_set_client = utf8 */;
CREATE TABLE `autocomplete_history` (
  `id` bigint(20) NOT NULL AUTO_INCREMENT,
  `user_id` bigint(20) NOT NULL,
  `environment_id` bigint(20) NOT NULL,
  `text` varchar(128) NOT NULL,
  PRIMARY KEY (`user_id`,`environment_id`,`text`),
  KEY `id` (`id`)
) ENGINE=MyISAM AUTO_INCREMENT=125 DEFAULT CHARSET=latin1;
/*!40101 SET character_set_client = @saved_cs_client */;

--
-- Dumping data for table `autocomplete_history`
--

LOCK TABLES `autocomplete_history` WRITE;
/*!40000 ALTER TABLE `autocomplete_history` DISABLE KEYS */;
INSERT INTO `autocomplete_history` VALUES (6,1,1,'openshift'),(2,1,2,'oceb fundamental book, chapter 2, p17'),(3,1,1,'oceb fundamental|chapter 2|business functions, markets, and strategies'),(100,1,2,'oceb fundamental book, chapter 7, p137'),(101,1,2,'www.isaca.org/cobit'),(102,1,1,'chapter 7|ISO 9000|oceb fundamental|Quality Frameworks'),(23,1,1,'porter\'s five forces'),(107,1,1,'chapter 7|six sigma|oceb fundamental|Quality Frameworks'),(11,1,1,'value chain'),(12,1,1,'pro'),(13,1,1,'chapter 2'),(18,1,1,'oceb fundamental|chapter 2|analysis methods'),(105,1,1,'Quality Frameworks'),(106,1,2,'oceb fundamental book, chapter 7, p134'),(24,1,1,'accounting'),(25,1,1,'chapter 3'),(26,1,1,'business process'),(27,1,2,'oceb fundamental book, chapter 3, p34'),(42,1,2,'oceb fundamental book, chapter 6, p88'),(29,1,2,'oceb fundamental book, chapter 3, p37-38'),(30,1,2,'oceb fundamental book, chapter 3, p38'),(111,1,1,'chapter 7|SCOR|oceb fundamental|Quality Frameworks'),(33,1,1,'business process analysis'),(34,1,1,'oceb fundamental|chapter 6|BPMN'),(35,1,2,'oceb fundamental book, chapter 6, p80'),(37,1,1,'bpmn gateways'),(104,1,1,'chapter 7|six sigma|oceb fundamental'),(39,1,1,'oceb fundamental|chapter 6|BPMN|bpmn events'),(40,1,2,'oceb fundamental book, chapter 6, p82'),(41,1,2,'oceb fundamental book, chapter 6, p84'),(114,1,1,'chapter 7|VRM|oceb fundamental|Quality Frameworks'),(44,1,1,'sequence flows'),(45,1,2,'oceb fundamental book, chapter 6, p89'),(46,1,2,'oceb fundamental book, chapter 6, p90'),(47,1,1,'activities'),(112,1,2,'oceb fundamental book, chapter 7, p127'),(49,1,1,'oceb fundamental|chapter 6|BPMN|activities'),(50,1,2,'oceb fundamental book, chapter 6, p93'),(51,1,2,'oceb fundamental book, chapter 6, p94'),(52,1,2,'oceb fundamental book, chapter 6, p95'),(53,1,2,'oceb fundamental book, chapter 6, p96'),(54,1,2,'oceb fundamental book, chapter 6, p97'),(55,1,2,'oceb fundamental book, chapter 6, p99'),(56,1,2,'oceb fundamental book, chapter 6, p100'),(57,1,1,'bpmn activities'),(58,1,1,'oceb fundamental|chapter 6|BPMN|sequence flows|bpmn gateways'),(59,1,2,'oceb fundamental book, chapter 6, p101'),(60,1,2,'oceb fundamental book, chapter 6, p103'),(61,1,2,'oceb fundamental book, chapter 6, p104'),(62,1,2,'oceb fundamental book, chapter 6, p106'),(63,1,2,'oceb fundamental book, chapter 6, p107'),(64,1,1,'bpmn events'),(103,1,2,'oceb fundamental book, chapter 7, p135'),(66,1,2,'oceb fundamental book, chapter 6, p109'),(67,1,2,'oceb fundamental book, chapter 6, p113'),(68,1,2,'oceb fundamental book, chapter 6, p110'),(69,1,1,'message flows'),(71,1,2,'oceb fundamental book, chapter 6, p111'),(72,1,2,'oceb fundamental book, chapter 6, p112'),(75,1,1,'oceb fundamental|chapter 6|BPMN|bpmn artifacts'),(76,1,2,'oceb fundamental book, chapter 6, p117'),(77,1,2,'oceb fundamental book, chapter 6, p118'),(78,1,1,'chapter 7'),(110,1,1,'chapter 7|TPS|oceb fundamental|Quality Frameworks'),(80,1,2,'oceb fundamental book, chapter 7, p124'),(81,1,2,'oceb fundamental book, chapter 7, p125'),(83,1,2,'oceb fundamental book, chapter 4, p48'),(113,1,2,'oceb fundamental book, chapter 7, p128'),(85,1,2,'oceb fundamental book, chapter 4, p49'),(98,1,1,'chapter 7|COBIT|oceb fundamental'),(87,1,2,'oceb fundamental book, chapter 4, p50'),(88,1,2,'oceb fundamental book, chapter 6, p116'),(89,1,1,'oceb fundamental|chapter 2|analysis methods|balanced scorecard'),(90,1,2,'quickmba.com/accounting/mgmt/balanced-scorecard/'),(97,1,2,'wikipedia'),(92,1,2,'oceb fundamental book, chapter 2, p19'),(108,1,2,'Six Sigma for Dummies, p189'),(109,1,2,'Six Sigma for Dummies, p191'),(94,1,2,'oceb fundamental book, chapter 7, p136'),(95,1,1,'chapter 7|basel II|oceb fundamental'),(99,1,1,'Regulations and Governance Frameworks'),(115,1,1,'chapter 7|BPMM|oceb fundamental|Quality Frameworks'),(116,1,2,'oceb fundamental book, chapter 7, p132'),(117,1,2,'oceb fundamental book, chapter 7, p131'),(118,1,2,'oceb fundamental book, chapter 6, p78'),(119,1,1,'project management'),(120,1,1,'business functions, markets, and strategies'),(121,1,1,'oceb fundamental'),(122,1,2,'business process incubator practice test 1, Q3'),(123,1,1,'american civil war'),(124,1,1,'geography');
/*!40000 ALTER TABLE `autocomplete_history` ENABLE KEYS */;
UNLOCK TABLES;

--
-- Table structure for table `choice`
--

DROP TABLE IF EXISTS `choice`;
/*!40101 SET @saved_cs_client     = @@character_set_client */;
/*!40101 SET character_set_client = utf8 */;
CREATE TABLE `choice` (
  `id` bigint(20) NOT NULL AUTO_INCREMENT,
  `text` varchar(1000) NOT NULL,
  `isCorrect` int(11) NOT NULL,
  `sequence` int(11) DEFAULT NULL,
  PRIMARY KEY (`id`)
) ENGINE=MyISAM AUTO_INCREMENT=1360 DEFAULT CHARSET=latin1;
/*!40101 SET character_set_client = @saved_cs_client */;

--
-- Dumping data for table `choice`
--

LOCK TABLES `choice` WRITE;
/*!40000 ALTER TABLE `choice` DISABLE KEYS */;
INSERT INTO `choice` VALUES (1,'florida box turtle',1,0),(2,'turtle',1,0),(3,'otter',0,1),(4,'dog',0,0),(5,'giraffe',0,0),(6,'cat',1,0),(7,'They are 3 to 5 feet tall when standing on all fours.',1,0),(8,'They live 15-35 years in the wild.',1,1),(9,'They do not eat meat.',0,0),(10,'They live in arctic conditions.',0,0),(11,'Elephant',1,4),(12,'cow',1,2),(13,'goat',1,1),(14,'hippo',1,3),(15,'True',1,0),(16,'False',0,0),(17,'False',0,0),(18,'True',1,0),(19,'False',0,0),(20,'True',1,0),(21,'to make efficient the government procedures to the citizens',1,0),(22,'to connect people with government',0,0),(23,'to minimize corruption',0,0),(24,'a bid',1,0),(25,'bid',1,0),(26,'offer',1,0),(27,'False',0,0),(28,'True',1,0),(29,'True',1,0),(30,'False',0,0),(31,'short',0,0),(32,'long',0,0),(33,'put',1,1),(34,'call',0,0),(35,'False',1,0),(36,'True',0,0),(37,'False',0,0),(38,'True',1,0),(39,'in the money',1,0),(40,'False',0,0),(41,'True',1,0),(42,'True',1,0),(43,'False',0,0),(44,'at the money',1,1),(45,'out of the money',0,0),(46,'in the money',0,0),(47,'False',1,0),(48,'True',0,0),(49,'prices will fall',0,0),(50,'prices will rise',1,0),(51,'prices will remain the same',0,0),(52,'True',0,0),(53,'False',1,0),(54,'long',1,0),(55,'short',0,0),(56,'long',0,0),(57,'short',1,0),(58,'volatility',1,0),(59,'volatility',1,0),(60,'Chester A. Arthur',0,0),(61,'Benjamin Harrison',0,0),(62,'Grover Cleveland',1,0),(63,'Franklin D. Roosevelt',0,0),(64,'William Henry Harrison',0,0),(65,'James K. Polk',0,0),(66,'quantity',0,0),(67,'Martin Van Buren',0,0),(68,'Brothers',0,0),(69,'Uncle-nephew',0,0),(70,'Grandfather-grandson',1,0),(71,'Father-son',0,0),(72,'They aren\'t related',0,0),(73,'John Adams',0,0),(74,'Barack Obama',0,0),(75,'Herbert Hoover',0,0),(76,'James K. Polk',0,0),(77,'Harry S. Truman',1,0),(78,'George W. Bush',0,0),(79,'Woodrow Wilson',1,0),(80,'Franklin D. Roosevelt',0,0),(81,'Abraham Lincoln',0,0),(82,'Lyndon B. Johnson',0,0),(83,'Andrew Jackson',0,1),(84,'Richard M. Nixon',0,0),(85,'John Tyler',0,1),(86,'Andrew Johnson',1,0),(87,'loss',0,0),(88,'George W. Bush',0,0),(89,'Jimmy Carter',0,0),(90,'James Monroe',0,0),(91,'William Howard Taft',1,0),(92,'Herbert Hoover',0,0),(93,'Andrew Johnson',0,0),(94,'Martin Van Buren',0,0),(95,'James Buchanan',0,0),(96,'James Madison',1,0),(97,'Zachary Taylor',0,0),(98,'Thomas Jefferson',0,0),(99,'User',0,0),(100,'John F. Kennedy',0,0),(101,'Dwight D. Eisenhower',0,0),(102,'Ulysses S. Grant',1,0),(103,'William Henry Harrison',0,0),(104,'One',0,0),(105,'Three',0,0),(106,'Two',1,0),(107,'Four',0,0),(108,'27th Amendment',0,0),(109,'Compensation',0,0),(110,'20th Amendment',0,0),(111,'22nd Amendment',0,0),(112,'Operations',0,0),(113,'Thomas Jefferson',0,0),(114,'John F. Kennedy',0,0),(115,'Abraham Lincoln',0,0),(116,'Woodrow Wilson',1,1),(117,'Ronald Reagan',0,0),(118,'Barack Obama',0,0),(119,'a slash',1,0),(120,'Dwight D. Eisenhower',0,0),(121,'George H.W. Bush',0,0),(122,'Warren G. Harding',0,0),(123,'Ronald Reagan',0,0),(124,'Richard M. Nixon',1,0),(125,'George Washington',0,0),(126,'market segmentation, strategy development, market research, pricing, placement and value chain',0,0),(127,'Nancy Reagan',0,0),(128,'Eleanor Roosevelt',1,0),(129,'Hillary Rodham Clinton',0,0),(130,'Patricia Nixon',0,0),(131,'Jacqueline Kennedy',0,0),(132,'Calvin Coolidge',1,0),(133,'John F. Kennedy',0,0),(134,'William Howard Taft',0,0),(135,'George H.W. Bush',0,0),(136,'Ulysses S. Grant',0,0),(137,'Franklin D. Roosevelt',0,0),(138,'Grover Cleveland',1,0),(139,'James Garfield',0,0),(140,'George W. Bush',0,0),(141,'John F. Kennedy',0,0),(142,'Sam Nunn',0,0),(143,'Andrew Shepard',0,0),(144,'Dwayne Elizondo Mountain Dew Herbert Camacho',0,0),(145,'James Marshall',1,0),(146,'Josiah Bartlet',0,1),(147,'Lynda Bird Johnson',0,0),(148,'Malia Obama',0,0),(149,'Margaret Truman',1,0),(150,'Caroline Kennedy',0,0),(151,'Chelsea Clinton',0,0),(152,'Arkadelphia',0,0),(153,'Vanndale',0,0),(154,'Hope',1,0),(155,'Bentonville',0,0),(156,'Hot Springs',0,0),(157,'William McKinley',0,0),(158,'James Garfield',0,0),(159,'Andrew Johnson',0,0),(160,'Theodore Roosevelt',0,0),(161,'Rutherford B. Hayes',1,0),(162,'Millard Fillmore',1,0),(163,'James Monroe',0,0),(164,'mandatory',1,0),(165,'James Buchanan',0,0),(166,'Franklin Pierce',0,0),(167,'Dwight D. Eisenhower',1,0),(168,'Ronald Reagan',0,0),(169,'Harry S. Truman',0,0),(170,'Gerald Ford',0,0),(171,'Lyndon B. Johnson',0,0),(172,'George W. Bush',0,0),(173,'Gerald Ford',1,0),(174,'George Washington',0,0),(175,'Calvin Coolidge',0,0),(176,'Andrew Johnson',0,0),(177,'Thomas Jefferson',0,0),(178,'John Tyler',1,0),(179,'Abraham Lincoln',0,0),(180,'James Buchanan',0,0),(181,'James Madison',0,0),(182,'Thomas Jefferson',1,0),(183,'James Monroe',0,0),(184,'John Quincy Adams',1,0),(185,'George W. Bush',0,0),(186,'fixed costs',0,0),(187,'Harry S. Truman',0,0),(188,'Andrew Johnson',0,0),(189,'Theodore Roosevelt',0,0),(190,'Barack Obama',0,0),(191,'Lyndon B. Johnson',1,0),(192,'Inner Join',1,1),(193,'Right Join',0,0),(194,'Full Join',0,0),(195,'Left Join',0,0),(196,'Full Join',0,0),(197,'Inner Join',0,1),(198,'Left Join',1,1),(199,'Right Join',0,0),(200,'Left Join',0,0),(201,'Inner Join',0,1),(202,'Right Join',1,1),(203,'Full Join',0,0),(204,'Full Join',1,1),(205,'Right Join',0,0),(206,'Inner Join',0,1),(207,'Left Join',0,0),(208,'union',1,0),(209,'True',1,0),(210,'False',0,0),(211,'True',0,0),(212,'conditional',1,0),(213,'True',1,0),(214,'False',0,0),(215,'False',0,0),(216,'True',1,0),(217,'40',1,0),(218,'$40',1,0),(219,'$23.00',1,0),(220,'$23',1,0),(221,'23',1,0),(222,'23.00',1,0),(223,'No',1,0),(224,'Yes',0,0),(225,'True',0,0),(226,'False',1,0),(227,'gadsaf',1,0),(228,'incoming sequence flows',0,0),(229,'fads',1,0),(230,'adsf',1,0),(231,'[[strategic]] deliberations',1,0),(232,'careful [[analysis]] of the [[market environment]]',1,0),(233,'consideration of your company\'s [[strengths and weaknesses]]',1,0),(234,'true',1,0),(235,'false',0,0),(236,'support function',1,0),(237,'decision making',1,0),(238,'communication',1,0),(239,'support',1,0),(240,'goal setting',1,0),(241,'controlling',1,0),(242,'delegation',1,0),(243,'planning',1,0),(244,'business strategy',1,0),(245,'sets objectives and plans measures to be taken',1,4),(246,'divides the market into theoretical segments',1,2),(247,'analyzes the market environment',1,1),(248,'analyzes its strengths and weaknesses',1,3),(249,'[[bargaining power]] of [[suppliers]]',1,0),(250,'[[substitute]] products or services',1,0),(251,'[[potential competition]]: threats of [[new competitors]], and/or [[barriers to entry]]',1,0),(252,'[[rivalry]] among competitors',1,0),(253,'[[bargaining power]] of [[consumers]]/[[buyers]]',1,0),(254,'technological',1,0),(255,'True',0,0),(256,'political',1,0),(257,'sociological',1,0),(258,'sociological',1,0),(259,'political',0,0),(260,'technological',0,0),(261,'economic',0,0),(262,'political',0,0),(263,'technological',0,0),(264,'sociological',0,0),(265,'economic',1,0),(266,'technological',1,0),(267,'technological factors',1,0),(268,'population growth',0,0),(269,'subsidies',1,0),(270,'taxation',0,0),(271,'legislation',1,0),(272,'no',0,0),(273,'yes',1,0),(275,'indirectly',1,0),(276,'support',1,0),(277,'define',1,0),(278,'assess',1,0),(279,'plan',1,0),(280,'organize',1,0),(281,'[[controlling]] and [[organizing]] [[business activities]].',1,0),(282,'controlling',1,0),(283,'attractiveness',1,0),(284,'enterprise',1,0),(285,'market',0,0),(286,'true',0,0),(287,'false',0,0),(288,'false',0,0),(289,'true',1,0),(290,'both internal, and external',0,0),(291,'it is both internal, and external',1,0),(292,'Helpful',1,0),(293,'Harmful',0,0),(294,'External Factor',0,0),(295,'Internal Factor',1,0),(296,'Helpful',0,0),(297,'External factor',0,0),(298,'Harmful',1,0),(299,'Internal factor',1,0),(300,'Internal factor',0,0),(301,'Harmful',0,0),(302,'External factor',1,0),(303,'Helpful',1,0),(304,'True',1,0),(305,'Helpful',0,0),(306,'External factor',1,0),(307,'Harmful',1,0),(308,'enterprise goals',1,0),(309,'alignment',1,0),(310,'entire enterprise',1,0),(311,'realization',1,0),(312,'market-oriented',1,0),(313,'proactive marketing',0,0),(314,'reactive marketing',1,0),(315,'reactive marketing',0,0),(316,'proactive marketing',1,0),(317,'Project management',1,0),(318,'activities',1,0),(319,'techniques',1,0),(320,'knowledge',1,0),(321,'skills',1,0),(322,'tools',1,0),(323,'project',1,0),(324,'a project',1,0),(325,'project',1,0),(326,'a project',1,0),(327,'unique',1,0),(328,'limited',1,0),(329,'value chain',1,0),(330,'Executing',1,3),(331,'Controlling',1,4),(332,'Initiation',1,1),(333,'Closing',1,5),(334,'Planning',1,2),(335,'Initiation',1,0),(336,'Executing',1,0),(337,'Closing',1,0),(338,'Controlling',1,0),(339,'Planning',1,0),(340,'value chain',1,0),(341,'Sales',0,0),(342,'Finance',1,0),(343,'Accounting',0,0),(344,'Finance',0,0),(345,'Accounting',1,0),(346,'Sales',0,0),(347,'Operations',0,0),(348,'Operations',1,0),(349,'Accounting',0,0),(350,'Facility Management',0,0),(351,'Marketing',0,0),(369,'Operations',0,0),(368,'Sales',0,0),(367,'Marketing',1,0),(366,'Operations',0,0),(365,'Legal',0,0),(364,'Human Resources',1,0),(363,'Management',0,0),(370,'Marketing',0,0),(371,'Sales',1,0),(372,'Facility Management',0,0),(373,'IT',1,0),(374,'Marketing',0,0),(375,'legal',1,0),(378,'[[complete]] segmentation',1,0),(379,'[[one dimensional]] segmentation',1,0),(380,'[[multidimensional]] segmentation',1,0),(381,'One dimensional',1,0),(382,'Multidimensional',0,0),(383,'Complete segmentation',0,0),(384,'individually',1,0),(385,'customer',1,0),(386,'two',1,0),(387,'2',1,0),(388,'False',1,0),(389,'realization',1,0),(390,'alignment',1,0),(391,'value chain',1,0),(392,'supporting',1,0),(393,'primary',1,0),(394,'initiation',1,0),(395,'project charter',1,0),(396,'initiation',1,0),(397,'closing',1,0),(398,'constant',1,0),(399,'Fixed costs',1,0),(400,'volume',1,0),(401,'independent',1,0),(402,'variable cost',1,0),(403,'Overhead costs',1,0),(404,'fixed costs',0,0),(405,'overhead costs',1,0),(406,'BPD',0,0),(407,'fixed costs',0,0),(408,'variable costs',1,0),(409,'overhead costs',0,0),(410,'fixed cost',1,0),(411,'variable cost',0,0),(412,'overhead cost',0,0),(413,'capital',1,0),(414,'liabilities',1,0),(415,'assets',1,0),(416,'net income',1,0),(417,'Return on Investment',1,0),(418,'equity',1,0),(419,'sales revenue',1,0),(420,'Break even analysis',1,0),(421,'production costs',1,0),(422,'variable unit costs',1,0),(423,'sales price',1,0),(424,'Quantity',0,0),(425,'fixed costs',1,0),(426,'costs / $ in sales revenue',0,0),(427,'production costs',0,0),(428,'sales revenue',0,0),(429,'quantity',1,0),(430,'profit',0,0),(431,'loss',0,0),(432,'production costs',0,0),(433,'sales revenue',0,0),(434,'profit',0,0),(435,'quantity',0,0),(436,'costs / $ in sales revenue',1,0),(437,'costs / $ in sales revenue',0,0),(438,'profit',0,0),(439,'activity',0,0),(440,'production costs',0,0),(441,'sales revenue',1,0),(442,'sales revenue',0,0),(443,'loss',0,0),(444,'production costs',1,0),(445,'costs / $ in sales revenue',0,0),(446,'profit',0,0),(447,'quantity',0,0),(448,'Variable Costs',1,0),(449,'Fixed Costs',1,0),(450,'Costs in $',0,0),(451,'True',0,0),(452,'False',1,0),(453,'quantity',1,0),(454,'transaction',0,0),(455,'cost in $',0,0),(456,'variable costs',0,0),(457,'quantity',0,0),(458,'variable costs',0,0),(459,'costs in $',1,0),(460,'initiation, planning, executing, controlling, closing',1,0),(461,'negotiate, estimate, budget, report',0,0),(462,'plan, do, act, fix',0,0),(463,'cost, time, quality, scope',0,0),(464,'market segmentation, strategy development, market research, pricing, placement, and value chain',1,0),(465,'initiation, planning, executing, controlling, closing',0,0),(466,'inbound logistics, outbound logistics, marketing and sales, service',0,0),(467,'potential competitors, suppliers, consumers, substitute products, and rivalry among competitors',0,0),(468,'It describes the performance of a set of company shares. Common examples of value chains are Dow Jones and DAX.',0,0),(469,'It creates value to the market by considering demographic, technological,  economic, and political factors.',0,0),(470,'It includes inbound logistics, operations, outbound logistics, marketing and sales, service, firm infrastructure, human resources management and technology.',1,0),(471,'It is a chain of actions that measure the increasing value of an economic good being manufactured.',0,0),(472,'The point at which the company becomes insolvent.',0,0),(473,'A special item on a Balanced Score Card.',0,0),(474,'The point at which production costs are equal to sales revenues.',1,0),(475,'The point at which variable costs overtake the overhead costs.',0,0),(476,'Accounting',0,0),(477,'Human Resources',1,0),(478,'Sales',0,0),(479,'Project Management',0,0),(480,'It describes the company\'s ability to pay its current obligations.',1,0),(481,'It is the company\'s current assets that are bearing interest.',0,0),(482,'It is the limit of amount that can be withdrawn at a cash point within one day.',0,0),(483,'It is the company\'s liabilities divided by its current assets.',0,0),(484,'goal setting, planning, and controlling',1,0),(485,'communication, research, and pricing',0,0),(486,'planning, executing, and closing',0,0),(487,'analyzing, calculating, and facility managing',0,0),(488,'To decide on expenses, be responsible for mismanagement, and collect bonuses.',0,0),(489,'To manage financial instruments in order to keep the competitors breathless.',0,0),(490,'To be informed where the money comes from and where it goes to.',0,0),(491,'To ensure the company has enough money it needs to keep the business running.',1,0),(492,'initiation, planning, executing, controlling, closing',1,0),(493,'market segmentation, strategy development, market research, pricing, placement, and value chain',0,0),(494,'inbound logistics, outbound logistics, marketing and sales, service',0,0),(495,'potential competitors, suppliers, consumers, substitute products, and rivalry among competitors',0,0),(496,'inbound logistics, outbound logistics, marketing and sales, service',0,0),(497,'potential competitors, suppliers, consumers, substitute products, and rivalry among competitors',1,0),(498,'initiation, planning, executing, controlling, and closing',0,0),(499,'market segmentation, strategy development, market research, pricing, placement, and value chain',0,0),(500,'inbound logistics, outbound logistics, marketing and sales, service',1,0),(501,'potential competitors, suppliers, consumers, substitute products, and rivalry among competitors',0,0),(502,'initiation, planning, executing, controlling, closing',0,0),(503,'Sales',1,0),(504,'Project Management',1,0),(505,'Human Resources',0,0),(506,'Accounting',1,0),(507,'to manage financial instruments in order to keep the competitors breathless',0,0),(508,'to be informed where the money comes from and where it goes to',1,0),(509,'to ensure the company has enough money to keep the business running',0,0),(510,'to decide on expenses, be responsible for mismanagement, and collect bonuses',0,0),(511,'series of steps',1,0),(512,'produce a product or service',1,0),(513,'business process',1,0),(514,'goal',1,0),(515,'activities',1,0),(516,'collaborating group',1,0),(517,'business activities',1,0),(518,'achieve',1,0),(519,'defined set',1,0),(520,'business objective',1,0),(521,'lack of documentation',0,0),(522,'# of steps',0,0),(523,'# of branches',1,0),(524,'processes',1,0),(525,'assets',1,0),(526,'the last task has completed',1,0),(527,'A [[description]] of the process.',1,0),(528,'[[Goals]] of the business process',1,0),(529,'Process [[owner]]',1,0),(530,'Required or generated [[data]]',1,0),(531,'Duration',1,0),(532,'Relevant [[business rules]]',1,0),(533,'Executing [[role]]',1,0),(534,'A [[description]] of the activity',1,0),(535,'Necessary [[resources]]',1,0),(536,'targeted',1,0),(537,'desirable',1,0),(538,'goal',1,0),(539,'state',1,0),(540,'implicit knowledge',1,0),(541,'process discovery',1,0),(542,'explicit',1,0),(543,'False',1,0),(544,'detect',1,0),(545,'True',0,0),(546,'False',1,0),(547,'False',0,0),(548,'True',1,0),(549,'True',0,0),(550,'False',0,0),(551,'True',1,0),(552,'BMM',0,0),(553,'BPMN',1,0),(554,'BPEL4WS',0,0),(555,'True',0,0),(556,'False',1,0),(557,'False',0,0),(558,'True',1,0),(559,'False',1,0),(560,'True',0,0),(561,'True',0,0),(562,'False',1,0),(563,'True',0,0),(564,'False',1,0),(565,'BPMN',0,0),(566,'BMM',0,0),(567,'ISO-9000',0,0),(568,'True',1,0),(569,'diagram',1,0),(570,'business',1,0),(571,'process',1,0),(572,'Activity',0,0),(573,'Association',1,0),(574,'Event',0,0),(575,'True',0,0),(576,'Event',1,0),(577,'Activity',1,0),(578,'Flow Objects',1,0),(579,'Flow Object',1,0),(580,'This scenario is not allowed.',0,0),(581,'Alphabetical order, by title.',0,0),(582,'They will get execution tokens at the same time.',1,0),(583,'The first one listed.',0,0),(589,'text',0,0),(590,'a closing square bracket',0,0),(588,'bold letters',0,0),(591,'a comment',0,0),(592,'a solid line',0,0),(593,'a dotted line',1,0),(594,'a dashed line',0,0),(595,'association',1,0),(596,'trigger',1,0),(597,'False',1,0),(598,'True',0,0),(599,'True',1,0),(600,'False',0,0),(601,'complex',0,0),(602,'event based',0,0),(603,'inclusive',0,0),(604,'parallel',1,0),(605,'exclusive',0,0),(606,'[[event]] based',1,0),(607,'exclusive',1,0),(608,'inclusive',1,0),(609,'parallel',1,0),(610,'complex',1,0),(611,'True',0,0),(612,'False',1,0),(613,'False',0,0),(614,'True',1,0),(615,'the first task has completed',0,0),(616,'True',0,0),(617,'False',1,0),(618,'a diamond',1,0),(619,'diamond',1,0),(620,'slash',1,0),(621,'inclusive',0,0),(622,'exclusive',1,0),(623,'default',0,0),(624,'parallel',0,0),(625,'complex',0,0),(626,'The path of the condition which is met first.',1,0),(627,'This is an illegal state.',0,0),(628,'The last which evaluates to true.',0,0),(629,'Both paths.',0,0),(630,'Both tokens must reach it.',0,0),(631,'When the first token reaches it.',1,0),(632,'It doesn\'t stop the process at all.',0,0),(633,'Use an exclusive gateway.',0,0),(634,'Use a default sequence flow.',1,0),(635,'Ensure that this cannot happen.',0,0),(636,'association',1,0),(637,'activity',1,0),(638,'data objects cannot have state',0,0),(639,'a short phrase within brackets',1,0),(640,'a comment associated with it',0,0),(641,'a plus sign',0,0),(642,'False',0,0),(643,'True',1,0),(644,'event',1,0),(645,'flow',1,0),(646,'gateway',1,0),(647,'False',1,0),(648,'True',0,0),(649,'sequence flow',1,0),(650,'True',0,0),(651,'False',1,0),(652,'No',0,0),(653,'Sometimes',1,0),(654,'Yes',0,0),(655,'True',1,0),(656,'False',0,0),(657,'True',0,0),(658,'False',1,0),(659,'default',1,0),(660,'slash',1,0),(661,'True',0,0),(662,'False',1,0),(663,'False',0,0),(664,'False',0,0),(665,'True',1,0),(666,'False',1,0),(667,'True',0,0),(668,'activity',1,0),(669,'activity',1,0),(670,'task',1,0),(671,'subprocess',1,0),(672,'sub-process',1,0),(673,'sub process',1,0),(674,'activities',1,0),(675,'False',1,0),(676,'True',0,0),(677,'False',1,0),(678,'False',0,0),(679,'a plus sign',1,0),(680,'two triangles pointing left',0,0),(681,'three vertical lines',0,0),(682,'a circular arrow',0,0),(683,'Ad Hoc',1,0),(684,'Multiple Instance',0,0),(685,'Transaction',1,0),(686,'Loop',0,0),(687,'Loop',0,0),(688,'Transaction',1,0),(689,'Compensation',0,0),(690,'Multiple Instance',0,0),(691,'Ad Hoc',0,0),(692,'False',0,0),(693,'True',1,0),(694,'ad hoc',1,0),(695,'transaction',1,0),(696,'transaction',1,0),(697,'compensation',1,0),(698,'ad hoc',1,0),(699,'False',1,0),(700,'True',0,0),(701,'False',1,0),(702,'True',0,0),(703,'They can\'t be executed more than once',0,0),(704,'Solar flares',0,0),(705,'The exit condition',1,0),(706,'The number of times they appear',0,0),(707,'False',0,0),(708,'No',1,0),(709,'Yes',0,0),(710,'Sometimes',0,0),(711,'False',1,0),(712,'Compensation',1,0),(713,'transaction',1,0),(714,'False',0,0),(715,'True',1,0),(716,'False',0,0),(717,'True',1,0),(718,'none',1,0),(719,'outgoing sequence flows',0,0),(720,'incoming message flows',0,0),(721,'outgoing message flows',1,0),(722,'Reference',0,0),(723,'None',0,0),(724,'Service',0,0),(725,'Manual',1,0),(726,'Receive',0,0),(727,'Send',0,0),(728,'Script',0,0),(729,'user',1,0),(730,'service',1,0),(731,'script',1,0),(732,'reference',1,0),(733,'Reusable Subprocess',0,0),(734,'Embedded or Nested Subprocess',1,0),(735,'False',0,0),(736,'True',1,0),(737,'True',1,0),(738,'False',0,0),(739,'False',0,0),(740,'True',1,0),(741,'complex',0,0),(742,'inclusive',0,0),(743,'exclusive',1,0),(744,'parallel',0,0),(745,'event based',0,0),(746,'data',1,0),(747,'event',1,0),(748,'True',1,0),(749,'False',0,0),(750,'False',1,0),(751,'True',0,0),(752,'True',0,0),(753,'False',1,0),(754,'True',1,0),(755,'False',0,0),(756,'True',1,0),(757,'False',0,0),(758,'True',1,0),(759,'False',0,0),(760,'False',0,0),(761,'True',1,0),(762,'True',1,0),(763,'False',0,0),(764,'Yes',1,0),(765,'This is not an allowed state.',0,0),(766,'No',0,0),(767,'True',0,0),(768,'False',1,0),(769,'False',1,0),(770,'True',0,0),(771,'inclusive',1,0),(772,'True',1,0),(773,'False',0,0),(774,'False',1,0),(775,'True',0,0),(776,'False',1,0),(777,'inclusive',1,0),(778,'a message flow',0,0),(779,'Intermediate Event',0,0),(780,'Start Event',1,0),(781,'End Event',0,0),(782,'The first one starts.',0,0),(783,'All activities without an incoming sequence flow start.',1,0),(784,'This is not an allowed state.',0,0),(785,'The activities are in a stack. The last one starts.',0,0),(786,'dark.',1,0),(787,'light.',0,0),(788,'True',1,0),(789,'False',0,0),(790,'False',0,0),(791,'True',1,0),(792,'False',1,0),(793,'True',0,0),(794,'False',0,0),(795,'True',1,0),(796,'No incoming flows and multiple outgoing flows',0,0),(797,'No incoming flows, and one outgoing flow',1,0),(798,'A single incoming flow and multiple outgoing flows.',0,0),(799,'Multiple incoming flows, and multiple outgoing flows.',0,0),(800,'A single incoming flow, and one outgoing flow',0,0),(801,'True',0,0),(802,'False',1,0),(803,'False',1,0),(804,'True',0,0),(805,'True',1,0),(806,'False',0,0),(807,'True',0,0),(808,'lane',1,0),(809,'pool',1,0),(810,'swimlane',1,0),(811,'True',0,0),(812,'True',0,0),(813,'False',0,0),(814,'True',1,0),(815,'an association',1,0),(816,'a sequence flow',0,0),(817,'True',1,0),(818,'False',0,0),(819,'False',0,0),(820,'True',1,0),(821,'True',0,0),(822,'False',1,0),(823,'False',0,0),(824,'True',1,0),(825,'text annotation',1,0),(826,'group',1,0),(827,'artifacts',1,0),(828,'association',1,0),(829,'group',1,0),(830,'text annotation',1,0),(831,'artifacts',1,0),(832,'data object',1,0),(833,'association',1,0),(834,'data object',1,0),(835,'True',0,0),(836,'False',1,0),(837,'pool',0,0),(838,'activity',0,0),(839,'start event',0,0),(840,'Yes',0,0),(841,'Sometimes',0,0),(842,'No',1,0),(843,'message flow',0,0),(844,'group',0,0),(845,'association',0,0),(846,'sequence flow',1,0),(847,'No',1,0),(848,'Sometimes',0,0),(849,'Yes',0,0),(850,'End Event',1,0),(851,'End Event',0,0),(852,'True',0,0),(853,'False',1,0),(854,'Operations',0,0),(855,'False',1,0),(856,'dark.',0,0),(857,'a circular arrow',1,0),(858,'a circular arrow',0,0),(859,'a circular arrow',0,0),(860,'light.',1,0),(861,'True',0,0),(862,'True',1,0),(863,'False',0,0),(864,'organizing',1,0),(865,'a slash',1,0),(866,'True',1,0),(867,'True',0,0),(868,'True',1,0),(869,'event based',0,0),(870,'event based',1,0),(871,'event based',0,0),(872,'event based',0,0),(873,'event based',0,0),(874,'event based',0,0),(875,'False',1,0),(876,'True',0,0),(877,'False',0,0),(878,'False',1,0),(879,'False',0,0),(880,'True',0,0),(881,'two triangles pointing left',0,0),(882,'two triangles pointing left',0,0),(883,'two triangles pointing left',1,0),(884,'False',1,0),(885,'three vertical lines',0,0),(886,'three vertical lines',1,0),(887,'three vertical lines',0,0),(888,'True',0,0),(889,'parallel',0,0),(890,'parallel',0,0),(891,'parallel',1,0),(892,'parallel',1,0),(893,'parallel',0,0),(894,'parallel',0,0),(895,'activity',1,0),(896,'exclusive',1,0),(897,'exclusive',0,0),(898,'exclusive',0,0),(899,'exclusive',0,0),(900,'exclusive',0,0),(901,'exclusive',0,0),(902,'loss',0,0),(903,'Start Event',0,0),(904,'Start Event',0,0),(905,'inclusive',0,0),(906,'inclusive',0,0),(907,'inclusive',0,0),(908,'inclusive',0,0),(909,'inclusive',1,0),(910,'inclusive',0,0),(911,'complex',0,0),(912,'complex',0,0),(913,'complex',0,0),(914,'complex',0,0),(915,'complex',0,0),(916,'complex',1,0),(917,'quantity',0,0),(918,'market segmentation, strategy development, market research, pricing, placement and value chain',0,0),(919,'False',1,0),(920,'False',1,0),(921,'False',0,0),(922,'True',0,0),(923,'True',1,0),(924,'True',0,0),(925,'a message flow',0,0),(926,'a message flow',0,0),(927,'a message flow',0,0),(928,'Intermediate Event',0,0),(929,'Intermediate Event',1,0),(930,'activities',1,0),(931,'a plus sign',0,0),(932,'a plus sign',0,0),(933,'a plus sign',0,0),(934,'Embedded or Nested Subprocess',1,0),(935,'Gateway',1,0),(936,'False',1,0),(937,'BPD',0,0),(938,'True',1,0),(939,'Reusable Subprocess',0,0),(940,'conditional',1,0),(941,'True',1,0),(942,'True',1,0),(943,'True',1,0),(944,'transaction',1,0),(945,'Script',0,0),(946,'Script',0,0),(947,'Script',1,0),(948,'Script',0,0),(949,'The [[stakeholders]] who can provide [[information]].',1,0),(950,'Send',0,0),(951,'Send',0,0),(952,'Send',0,0),(953,'Send',0,0),(954,'Receive',0,0),(955,'Receive',0,0),(956,'Receive',0,0),(957,'Receive',0,0),(958,'Manual',1,0),(959,'Manual',1,0),(960,'Manual',1,0),(961,'Manual',1,0),(962,'Compensation',0,0),(963,'end event',1,0),(964,'Service',0,0),(965,'Service',0,0),(966,'Service',0,0),(967,'Service',0,0),(968,'None',0,0),(969,'None',0,0),(970,'None',0,0),(971,'None',0,0),(972,'Reference',0,0),(973,'Reference',0,0),(974,'Reference',0,0),(975,'Reference',0,0),(976,'outgoing message flows',1,0),(977,'incoming message flows',0,0),(978,'False',0,0),(979,'False',0,0),(980,'an open square bracket',1,0),(981,'False',1,0),(982,'User',0,0),(983,'User',0,0),(984,'User',0,0),(985,'User',0,0),(986,'User',0,0),(987,'False',1,0),(988,'an association',1,0),(989,'an association',1,0),(990,'a sequence flow',0,0),(991,'a sequence flow',0,0),(992,'False',1,0),(993,'incoming sequence flows',0,0),(994,'incoming sequence flows',0,0),(995,'No',1,0),(996,'No',0,0),(997,'True',1,0),(998,'False',0,0),(999,'Sometimes',0,0),(1000,'Sometimes',1,0),(1001,'Yes',0,0),(1002,'Yes',0,0),(1003,'outgoing sequence flows',0,0),(1004,'False',0,0),(1005,'True',1,0),(1006,'fixed costs',0,0),(1007,'True',0,0),(1008,'False',1,0),(1009,'True',1,0),(1010,'the last task has completed',1,0),(1011,'True',1,0),(1012,'False',0,0),(1013,'Quantity',0,0),(1014,'True',0,0),(1015,'regulation',1,0),(1016,'legislature',1,0),(1017,'self-regulatory rule',1,0),(1018,'self regulatory rule',1,0),(1019,'principle',1,0),(1020,'principles',1,0),(1021,'guideline',1,0),(1022,'standard',1,0),(1023,'norm',1,0),(1024,'standard',1,0),(1025,'standards',1,0),(1026,'standard',1,0),(1027,'control model',1,0),(1028,'best practice',1,0),(1029,'organizational control',1,0),(1030,'organizational policy',1,0),(1031,'business policy',1,0),(1032,'organizational procedure',1,0),(1033,'organizational procedure',1,0),(1034,'processes',1,0),(1035,'manage',1,0),(1036,'directives',1,0),(1037,'Corporate governance',1,0),(1038,'process framework',1,0),(1039,'default processes',1,0),(1040,'Management by process',1,0),(1041,'Quality Improvement Projects',1,0),(1042,'Quality Improvement',1,0),(1043,'Analysis of [[process deviations]]',1,0),(1044,'Determining [[customer requirements]]',1,0),(1045,'Establish [[supplier relationships]] on a [[partnership]] basis',1,0),(1046,'Setting up [[cross functional]] work groups for quality improvement',1,0),(1047,'BPR',1,2),(1048,'BPM',1,3),(1049,'TQM',1,1),(1050,'False',1,0),(1051,'True',0,0),(1052,'True',1,0),(1053,'False',0,0),(1054,'False',1,0),(1055,'True',0,0),(1056,'coordinated',1,0),(1057,'record',1,0),(1058,'improve',1,0),(1059,'integrate',1,0),(1060,'four',1,0),(1061,'eight',1,0),(1062,'assets',1,0),(1063,'invested',1,0),(1064,'managed explicitly',1,0),(1065,'improved continuously',1,0),(1066,'essential',1,0),(1067,'process',1,0),(1068,'organization',1,0),(1069,'structures',1,0),(1070,'owners',1,0),(1071,'Nominate',1,0),(1072,'Upper management',1,0),(1073,'IT',1,0),(1074,'Gateway',1,0),(1075,'Message Flow',1,0),(1076,'Sequence Flow',1,0),(1077,'Event',1,0),(1078,'Activity',1,0),(1079,'variable',1,0),(1080,'Conditional',1,0),(1081,'inclusive',1,0),(1082,'Learning And Growth',1,0),(1083,'Financial',1,0),(1084,'Business Processes',1,0),(1085,'Customer',1,0),(1086,'SWOT',1,0),(1087,'Porter\'s Five Forces',0,0),(1088,'STEP',0,0),(1089,'Balanced Scorecard',1,0),(1090,'Market Segmentation',0,0),(1091,'False',1,0),(1092,'True',0,0),(1093,'Initiatives',1,0),(1094,'Objectives',1,0),(1095,'Targets',1,0),(1096,'Measures',1,0),(1097,'Targets',0,0),(1098,'Measures',0,0),(1099,'Objectives',1,0),(1100,'Initiatives',0,0),(1101,'Targets',0,0),(1102,'Measures',1,0),(1103,'Objectives',0,0),(1104,'Initiatives',0,0),(1105,'Targets',1,0),(1106,'Measures',0,0),(1107,'Initiatives',0,0),(1108,'Objectives',0,0),(1109,'Objectives',0,0),(1110,'Initiatives',1,0),(1111,'Measures',0,0),(1112,'Targets',0,0),(1113,'Objectives',0,0),(1114,'Initiatives',0,0),(1115,'Targets',1,0),(1116,'Measures',0,0),(1117,'Targets',0,0),(1118,'Initiatives',0,0),(1119,'Objectives',0,0),(1120,'Measures',1,0),(1121,'Ensure published financial data of public companies is correct and reliable.',1,0),(1122,'Ensure minimum capital requirements for banks.',0,0),(1123,'Protect the privacy of health information of American citizens.',0,0),(1124,'Strategic',1,0),(1125,'Business Processes',0,0),(1126,'Financial',0,0),(1127,'Customer',0,0),(1128,'Health',0,0),(1129,'All public companies',0,0),(1130,'Banking',1,0),(1131,'IT',0,0),(1132,'Technology',1,0),(1133,'Information',1,0),(1134,'Related',1,0),(1135,'Objectives',1,0),(1136,'Control',1,0),(1137,'BASEL ',0,0),(1138,'SOX',0,0),(1139,'ISACA',0,0),(1140,'COBIT',1,0),(1141,'ISO 9004',0,0),(1142,'ISO 9001',0,0),(1143,'ISO 9011',0,0),(1144,'ISO 9000',1,0),(1145,'ISO 9000',0,0),(1146,'ISO 9004',0,0),(1147,'ISO 9011',0,0),(1148,'ISO 9001',1,0),(1149,'ISO 9001',0,0),(1150,'ISO 9004',1,0),(1151,'ISO 9011',0,0),(1152,'ISO 9000',0,0),(1153,'ISO 9001',0,0),(1154,'ISO 9011',1,0),(1155,'ISO 9004',0,0),(1156,'ISO 9000',0,0),(1157,'A specification for a quality management system',0,0),(1158,'A guideline for improving quality management systems',0,0),(1159,'A guideline for auditing quality management systems',1,0),(1160,'A definition of basic principles and terms for a quality management system',0,0),(1161,'A guideline for auditing quality management systems',0,0),(1162,'A definition of basic principles and terms for a quality management system',1,0),(1163,'A guideline for improving quality management systems',0,0),(1164,'A specification for a quality management system',0,0),(1165,'A guideline for auditing quality management systems',0,0),(1166,'A guideline for improving quality management systems',0,0),(1167,'A specification for a quality management system',1,0),(1168,'A definition of basic principles and terms for a quality management system',0,0),(1169,'A guideline for auditing quality management systems',0,0),(1170,'A specification for a quality management system',0,0),(1171,'A definition of basic principles and terms for a quality management system',0,0),(1172,'A guideline for improving quality management systems',1,0),(1173,'Managing',0,0),(1174,'Designing',0,0),(1175,'Thinking',1,0),(1176,'Processing',0,0),(1177,'Managing',0,0),(1178,'Designing',0,0),(1179,'Thinking',0,0),(1180,'Processing',1,0),(1181,'Designing',1,0),(1182,'Managing',0,0),(1183,'Thinking',0,0),(1184,'Processing',0,0),(1185,'Processing',0,0),(1186,'Managing',1,0),(1187,'Thinking',0,0),(1188,'Designing',0,0),(1189,'QCX',0,0),(1190,'DMAIC',0,0),(1191,'CTX',1,0),(1192,'QC',0,0),(1193,'million',1,0),(1194,'3.4',1,0),(1195,'False',1,0),(1196,'True',0,0),(1197,'Sigma',1,0),(1198,'standard deviations',1,0),(1199,'Upper Control Limit',1,0),(1200,'standard deviation',1,0),(1201,'False',1,0),(1202,'True',0,0),(1203,'True',1,0),(1204,'False',0,0),(1205,'output',1,0),(1206,'input',1,0),(1207,'the process',0,0),(1208,'the process input parameter',0,0),(1209,'the uncertainty or deviation',0,0),(1210,'the process output parameter (CTX)',1,0),(1211,'the process',1,0),(1212,'the process input parameter',0,0),(1213,'the process output parameter (CTX)',0,0),(1214,'the uncertainty or deviation',0,0),(1215,'the process input parameter',1,0),(1216,'the uncertainty or deviation',0,0),(1217,'the process',0,0),(1218,'the process output parameter (CTX)',0,0),(1219,'the process input parameter',0,0),(1220,'the uncertainty or deviation',1,0),(1221,'the process',0,0),(1222,'the process output parameter (CTX)',0,0),(1223,'Standard Deviation',0,0),(1224,'Process Management Summary',1,0),(1225,'Process Control Plan',0,0),(1226,'Process Control Plan',1,0),(1227,'Standard Deviation',0,0),(1228,'Process Management Summary',0,0),(1229,'Six Sigma',0,0),(1230,'Toyota Production System',1,0),(1231,'Basel II',0,0),(1232,'ISO 9001',0,0),(1233,'Just In Time',0,0),(1234,'A problem waiting to happen',0,0),(1235,'Toyota Production System (TPS)',0,0),(1236,'Zero Stock',1,0),(1237,'APQC PCF',0,0),(1238,'VRM',0,0),(1239,'SCOR',1,0),(1240,'Six Sigma',0,0),(1241,'product movements',0,0),(1242,'sales',1,0),(1243,'customer interaction',0,0),(1244,'the market',0,0),(1245,'value chain',1,0),(1246,'Strategic',1,0),(1247,'Operational',1,0),(1248,'Tactical',1,0),(1249,'Tactical',1,2),(1250,'Operational',1,3),(1251,'Strategic',1,1),(1252,'Starter appraisal',1,0),(1253,'Confirmatory appraisal',0,0),(1254,'Supplier appraisal',0,0),(1255,'Progress appraisal',0,0),(1256,'Supplier appraisal',0,0),(1257,'Confirmatory appraisal',1,0),(1258,'Starter appraisal',0,0),(1259,'Progress appraisal',0,0),(1260,'Starter appraisal',0,0),(1261,'Confirmatory appraisal',0,0),(1262,'Progress appraisal',0,0),(1263,'Supplier appraisal',1,0),(1264,'Progress appraisal',1,0),(1265,'Confirmatory appraisal',0,0),(1266,'Starter appraisal',0,0),(1267,'Supplier appraisal',0,0),(1268,'how',0,0),(1269,'what',1,0),(1270,'Innovative',0,0),(1271,'Initial',1,0),(1272,'Standardized',0,0),(1273,'Managed',0,0),(1274,'Predictable',0,0),(1275,'Managed',0,0),(1276,'Standardized',0,0),(1277,'Initial',1,0),(1278,'Predictable',0,0),(1279,'Innovative',0,0),(1280,'Predictable',0,0),(1281,'Standardized',0,0),(1282,'Initial',1,0),(1283,'Managed',0,0),(1284,'Innovative',0,0),(1285,'Initial',0,0),(1286,'Innovative',0,0),(1287,'Predictable',0,0),(1288,'Managed',1,0),(1289,'Standardized',0,0),(1290,'Standardized',1,0),(1291,'Managed',0,0),(1292,'Predictable',0,0),(1293,'Innovative',0,0),(1294,'Initial',0,0),(1295,'Standardized',0,0),(1296,'Managed',0,0),(1297,'Predictable',1,0),(1298,'Initial',0,0),(1299,'Innovative',0,0),(1300,'Innovative',1,0),(1301,'Standardized',0,0),(1302,'Managed',0,0),(1303,'Predictable',0,0),(1304,'Initial',0,0),(1305,'Level 5',1,0),(1306,'Level 1',0,0),(1307,'Level 4',0,0),(1308,'Level 3',0,0),(1309,'Level 2',0,0),(1310,'Level 4',1,0),(1311,'Level 5',0,0),(1312,'Level 1',0,0),(1313,'Level 2',0,0),(1314,'Level 3',0,0),(1315,'Level 5',0,0),(1316,'Level 2',0,0),(1317,'Level 3',1,0),(1318,'Level 1',0,0),(1319,'Level 4',0,0),(1320,'Level 3',0,0),(1321,'Level 4',0,0),(1322,'Level 5',0,0),(1323,'Level 2',0,0),(1324,'Level 1',1,0),(1325,'Initial',1,1),(1326,'Innovative',1,5),(1327,'Standardized',1,3),(1328,'Managed',1,2),(1329,'Predictable',1,4),(1330,'specification limit',1,0),(1331,'standard deviations',1,0),(1332,'Sigma',1,0),(1333,'Sigma',0,0),(1334,'Standard Deviation',1,0),(1335,'3.4 million',0,0),(1336,'Pi',0,0),(1337,'An endeavour independent of other endeavours having the same characteristics or not.',0,0),(1338,'An endeavour supported by a strictly defined and static scope.',0,0),(1339,'A temporary endeavour to create a unique product, service, or result.',1,0),(1340,'A series of structured activities that end exclusively when the product, service, or result is created.',0,0),(1341,'1865',1,0),(1342,'1776',0,0),(1343,'1972',0,0),(1344,'1861',0,0),(1345,'2014',0,0),(1346,'1885',0,0),(1347,'1972',0,0),(1348,'1865',1,0),(1349,'1976',1,0),(1350,'1861',1,0),(1351,'1865',1,0),(1352,'four',1,4),(1353,'three',1,3),(1354,'one',1,1),(1355,'two',1,2),(1356,'west',1,0),(1357,'south',1,0),(1358,'North',1,0),(1359,'east',1,0);
/*!40000 ALTER TABLE `choice` ENABLE KEYS */;
UNLOCK TABLES;

--
-- Table structure for table `difficulty`
--

DROP TABLE IF EXISTS `difficulty`;
/*!40101 SET @saved_cs_client     = @@character_set_client */;
/*!40101 SET character_set_client = utf8 */;
CREATE TABLE `difficulty` (
  `id` bigint(20) NOT NULL,
  `text` varchar(100) NOT NULL,
  PRIMARY KEY (`id`)
) ENGINE=MyISAM DEFAULT CHARSET=latin1;
/*!40101 SET character_set_client = @saved_cs_client */;

--
-- Dumping data for table `difficulty`
--

LOCK TABLES `difficulty` WRITE;
/*!40000 ALTER TABLE `difficulty` DISABLE KEYS */;
INSERT INTO `difficulty` VALUES (1,'Junior'),(2,'Intermediate'),(3,'Senior'),(4,'Guru');
/*!40000 ALTER TABLE `difficulty` ENABLE KEYS */;
UNLOCK TABLES;

--
-- Table structure for table `entity_status`
--

DROP TABLE IF EXISTS `entity_status`;
/*!40101 SET @saved_cs_client     = @@character_set_client */;
/*!40101 SET character_set_client = utf8 */;
CREATE TABLE `entity_status` (
  `entity_id` bigint(20) NOT NULL DEFAULT '0',
  `entity_type_id` bigint(20) NOT NULL DEFAULT '0',
  `status` int(11) NOT NULL DEFAULT '0',
  PRIMARY KEY (`entity_id`,`entity_type_id`)
) ENGINE=MyISAM AUTO_INCREMENT=3 DEFAULT CHARSET=latin1;
/*!40101 SET character_set_client = @saved_cs_client */;

--
-- Dumping data for table `entity_status`
--

LOCK TABLES `entity_status` WRITE;
/*!40000 ALTER TABLE `entity_status` DISABLE KEYS */;
/*!40000 ALTER TABLE `entity_status` ENABLE KEYS */;
UNLOCK TABLES;

--
-- Table structure for table `entity_type`
--

DROP TABLE IF EXISTS `entity_type`;
/*!40101 SET @saved_cs_client     = @@character_set_client */;
/*!40101 SET character_set_client = utf8 */;
CREATE TABLE `entity_type` (
  `id` bigint(20) NOT NULL AUTO_INCREMENT,
  `text` bigint(20) NOT NULL,
  PRIMARY KEY (`id`)
) ENGINE=MyISAM AUTO_INCREMENT=3 DEFAULT CHARSET=latin1;
/*!40101 SET character_set_client = @saved_cs_client */;

--
-- Dumping data for table `entity_type`
--

LOCK TABLES `entity_type` WRITE;
/*!40000 ALTER TABLE `entity_type` DISABLE KEYS */;
INSERT INTO `entity_type` VALUES (1,0),(2,0);
/*!40000 ALTER TABLE `entity_type` ENABLE KEYS */;
UNLOCK TABLES;

--
-- Table structure for table `exam`
--

DROP TABLE IF EXISTS `exam`;
/*!40101 SET @saved_cs_client     = @@character_set_client */;
/*!40101 SET character_set_client = utf8 */;
CREATE TABLE `exam` (
  `id` bigint(20) NOT NULL AUTO_INCREMENT,
  `title` varchar(128) NOT NULL,
  `message` varchar(256) DEFAULT NULL,
  `user_id` bigint(20) NOT NULL,
  `entity_status` bigint(20) DEFAULT '0',
  PRIMARY KEY (`id`),
  KEY `user_id` (`user_id`)
) ENGINE=MyISAM AUTO_INCREMENT=8 DEFAULT CHARSET=latin1;
/*!40101 SET character_set_client = @saved_cs_client */;

--
-- Dumping data for table `exam`
--

LOCK TABLES `exam` WRITE;
/*!40000 ALTER TABLE `exam` DISABLE KEYS */;
INSERT INTO `exam` VALUES (1,'Set Questions','',1,0),(2,'temp exam','',1,0),(3,'Chapter 2','',1,0),(4,'deleteme_q4','',1,0),(5,'deletemeexam','fdsbsda saf asff fsa',1,0),(6,'SW Test Exam','',1,0),(7,'Test','test test',12,0);
/*!40000 ALTER TABLE `exam` ENABLE KEYS */;
UNLOCK TABLES;

--
-- Table structure for table `exam_feedback`
--

DROP TABLE IF EXISTS `exam_feedback`;
/*!40101 SET @saved_cs_client     = @@character_set_client */;
/*!40101 SET character_set_client = utf8 */;
CREATE TABLE `exam_feedback` (
  `id` bigint(20) NOT NULL AUTO_INCREMENT,
  `examId` bigint(20) NOT NULL,
  `commentingUserId` bigint(20) NOT NULL,
  `comment` varchar(1024) NOT NULL,
  PRIMARY KEY (`id`),
  KEY `examId` (`examId`),
  KEY `commentingUserId` (`commentingUserId`)
) ENGINE=MyISAM DEFAULT CHARSET=latin1;
/*!40101 SET character_set_client = @saved_cs_client */;

--
-- Dumping data for table `exam_feedback`
--

LOCK TABLES `exam_feedback` WRITE;
/*!40000 ALTER TABLE `exam_feedback` DISABLE KEYS */;
/*!40000 ALTER TABLE `exam_feedback` ENABLE KEYS */;
UNLOCK TABLES;

--
-- Table structure for table `exam_question`
--

DROP TABLE IF EXISTS `exam_question`;
/*!40101 SET @saved_cs_client     = @@character_set_client */;
/*!40101 SET character_set_client = utf8 */;
CREATE TABLE `exam_question` (
  `exam_id` bigint(20) NOT NULL,
  `question_id` bigint(20) NOT NULL,
  KEY `exam_id` (`exam_id`),
  KEY `question_id` (`question_id`)
) ENGINE=MyISAM DEFAULT CHARSET=latin1;
/*!40101 SET character_set_client = @saved_cs_client */;

--
-- Dumping data for table `exam_question`
--

LOCK TABLES `exam_question` WRITE;
/*!40000 ALTER TABLE `exam_question` DISABLE KEYS */;
INSERT INTO `exam_question` VALUES (1,71),(1,68),(1,75),(1,74),(2,83),(3,68),(3,75),(3,76),(3,70),(3,71),(3,77),(3,72),(3,69),(3,73),(3,74),(4,4),(5,115),(6,442),(6,439),(6,441),(6,438),(6,440),(7,1),(7,4),(7,3);
/*!40000 ALTER TABLE `exam_question` ENABLE KEYS */;
UNLOCK TABLES;

--
-- Table structure for table `exam_topic_cache`
--

DROP TABLE IF EXISTS `exam_topic_cache`;
/*!40101 SET @saved_cs_client     = @@character_set_client */;
/*!40101 SET character_set_client = utf8 */;
CREATE TABLE `exam_topic_cache` (
  `exam_id` bigint(20) NOT NULL,
  `question_id` bigint(20) NOT NULL,
  `topic_id` bigint(20) NOT NULL,
  `count` bigint(20) NOT NULL,
  KEY `exam_id` (`exam_id`),
  KEY `question_id` (`question_id`),
  KEY `topic_id` (`topic_id`)
) ENGINE=MyISAM DEFAULT CHARSET=latin1;
/*!40101 SET character_set_client = @saved_cs_client */;

--
-- Dumping data for table `exam_topic_cache`
--

LOCK TABLES `exam_topic_cache` WRITE;
/*!40000 ALTER TABLE `exam_topic_cache` DISABLE KEYS */;
/*!40000 ALTER TABLE `exam_topic_cache` ENABLE KEYS */;
UNLOCK TABLES;

--
-- Table structure for table `notification`
--

DROP TABLE IF EXISTS `notification`;
/*!40101 SET @saved_cs_client     = @@character_set_client */;
/*!40101 SET character_set_client = utf8 */;
CREATE TABLE `notification` (
  `id` bigint(20) NOT NULL AUTO_INCREMENT,
  `user_id` bigint(20) NOT NULL,
  `notification_id` bigint(20) NOT NULL,
  `time_stamp` datetime NOT NULL,
  `text` varchar(1000) NOT NULL,
  `entity_type_id` bigint(20) DEFAULT NULL,
  `entity_id` bigint(20) DEFAULT NULL,
  `numOfInstances` int(11) NOT NULL DEFAULT '0',
  PRIMARY KEY (`id`),
  KEY `user_id` (`user_id`),
  KEY `entity_type_id` (`entity_type_id`),
  KEY `entity_id` (`entity_id`)
) ENGINE=MyISAM DEFAULT CHARSET=latin1;
/*!40101 SET character_set_client = @saved_cs_client */;

--
-- Dumping data for table `notification`
--

LOCK TABLES `notification` WRITE;
/*!40000 ALTER TABLE `notification` DISABLE KEYS */;
/*!40000 ALTER TABLE `notification` ENABLE KEYS */;
UNLOCK TABLES;

--
-- Table structure for table `question`
--

DROP TABLE IF EXISTS `question`;
/*!40101 SET @saved_cs_client     = @@character_set_client */;
/*!40101 SET character_set_client = utf8 */;
CREATE TABLE `question` (
  `id` bigint(20) NOT NULL AUTO_INCREMENT,
  `text` varchar(10000) NOT NULL,
  `difficulty_id` bigint(20) NOT NULL,
  `type_id` bigint(20) NOT NULL,
  `user_id` bigint(20) NOT NULL,
  `description` varchar(1000) DEFAULT NULL,
  `entity_status` bigint(20) DEFAULT '0',
  PRIMARY KEY (`id`),
  KEY `difficulty_id` (`difficulty_id`),
  KEY `type_id` (`type_id`),
  KEY `user_id` (`user_id`)
) ENGINE=MyISAM AUTO_INCREMENT=443 DEFAULT CHARSET=latin1;
/*!40101 SET character_set_client = @saved_cs_client */;

--
-- Dumping data for table `question`
--

LOCK TABLES `question` WRITE;
/*!40000 ALTER TABLE `question` DISABLE KEYS */;
INSERT INTO `question` VALUES (1,'<p><img src=\"http://upload.wikimedia.org/wikipedia/commons/f/f4/Florida_Box_Turtle_Digon3_re-edited.jpg\" alt=\"\" width=\"276\" height=\"221\" /></p>',1,3,1,'What animal is this?',0),(2,'<p><img src=\"http://onemoregeneration.org/wp-content/uploads/2011/11/OMG-Trivia-11-15-11.jpg\" alt=\"\" width=\"288\" height=\"216\" /></p>',1,1,1,'What animal is this?',0),(3,'<p><img src=\"http://bearsoftheworld.net/images/bears/brown_bear_ru.jpg\" alt=\"\" width=\"287\" height=\"215\" /></p>',1,2,1,'Which are characteristics of brown bears',0),(4,'<p><img src=\"http://2.bp.blogspot.com/-xpgIOttwTTg/TWRni-cC-tI/AAAAAAAAA-o/9GMqFyMnQCY/s1600/african-elephant2.jpg\" alt=\"\" width=\"268\" height=\"185\" />&nbsp;<img src=\"http://kassowal.com/wallpaper/Animal-wallpaper/Cow/2.jpg\" alt=\"\" width=\"239\" height=\"180\" />&nbsp;<img src=\"http://sites.psu.edu/reshmajblog/files/2012/11/Beautiful-animals-of-Kenya-Masai-Mara-National-Park-Hippopotamus-Adult-with-Baby-Masai-Mara-Kenya-Posters-beautiful-endangered-anmimals-of-kenya-hippopotamus-species-hippopotamus-dangerous-habitat-picture.jpg\" alt=\"\" width=\"237\" height=\"178\" />&nbsp;<img src=\"http://www.kayfabenews.com/wp-content/uploads/2013/01/goat.jpg\" alt=\"\" width=\"244\" height=\"183\" /></p>',2,4,1,'Put these animals in order by weight, ascending.',0),(5,'<p>A&nbsp;<span style=\"text-decoration: underline;\">heterotroph</span> is an organism that must ingest other organisms in order to grow.</p>',2,1,1,'',0),(6,'<p>A <span style=\"text-decoration: underline;\">photoautotroph</span> is an organism that can use energy from sunlight to grow.</p>',2,1,1,'',0),(7,'<p>Mammals are warm blooded.</p>',1,1,1,'',0),(8,'<p>What is the main objective of e-government?</p>',1,1,3,'',0),(9,'<p>The highest price a prospective buyer is willing to pay for a unit of a given security</p>',1,3,1,'',0),(10,'<p>The price at which someone who owns a security is willing to sell it...</p>',1,3,1,'',0),(11,'<p>A&nbsp;<strong>listed option</strong> is a put or call that an exchange has authorized for trading.</p>',1,1,1,'',0),(12,'<p>The&nbsp;<strong>strike price</strong> is the price that you, as the owner of the option, are entitled to buy or sell the underlying commodity.</p>',1,1,1,'',0),(13,'<p>An option to&nbsp;<strong>sell</strong> a security at a given price on or before a certain date.</p>',1,1,1,'',0),(14,'<p>If you are hoping the underlying instrument goes down in value, you should be using a&nbsp;<strong>call</strong> option.</p>',1,1,1,'',0),(15,'<p>If you are hoping the underlying instrument goes up in value, you should be using a&nbsp;<strong>call</strong>&nbsp;option.</p>',1,1,1,'',0),(16,'<p>If the <strong>strike price</strong> is less than the <strong>market price</strong> of the underlying security, a call option is said to be</p>',1,3,1,'',0),(17,'<p>A&nbsp;<strong>put option</strong> is \"in the money\" if the strike price is <em>above</em> the market price.</p>',1,1,1,'',0),(18,'<p>To be \"in the money\" means you can exercise your option at a profit, given the current market conditions.</p>',1,1,1,'',0),(19,'<p>When the&nbsp;<strong>strike price</strong>&nbsp;is equal to the market price, an option is said to be...</p>',1,1,1,'',0),(20,'<p>The&nbsp;<strong>market price</strong> is the price you are entitled to exercise your option at</p>',1,1,1,'',0),(21,'<p>To be&nbsp;<strong>bullish&nbsp;</strong>means you think</p>',1,1,1,'',0),(22,'<p>To be long is to have the <strong>right of assignment</strong>.</p>',1,1,1,'',0),(23,'<p>If you have&nbsp;the&nbsp;<strong>right of exercise</strong>, you are _______ a commodity.</p>',1,1,1,'',0),(24,'<p>If you have the&nbsp;<strong>obligation of assignment</strong>, you are _________ a commodity.</p>',1,1,1,'',0),(25,'<p>A measure of the fluctuation in the market price of the underlying security....</p>',1,3,1,'',0),(26,'<p>The annualized standard deviation of returns is defined as ....</p>',3,3,1,'',0),(27,'<p>Who is the only President to have served two non-consecutive terms in office?</p>',1,1,4,'',0),(28,'<p>Who was the first Vice-President to succeed to the Presidency upon the death of a President?</p>',1,1,4,'',0),(29,'<p>What is the relationship between Presidents William Henry Harrison and Benjamin Harrison?</p>',1,1,4,'',0),(30,'<p>Which President had a previous career as a haberdasher?</p>',2,1,4,'',0),(31,'<p>Which President kept a herd of sheep on the White House lawn to grow wool for the war effort?</p>',2,1,4,'',0),(32,'<p>Which of these Presidents have been impeached, as provided for under Article II, Section 4 of the U.S. Constitution?</p>',1,2,4,'',0),(33,'<p>Who was the only President to also serve as Chief Justice of the U.S. Supreme Court?</p>',2,1,4,'',0),(34,'<p>Who was the first President to take the Oath of Office while completely attired in garments made in the United States?</p>',3,1,4,'',0),(35,'<p>Which President once portrayed Desdemona in a military theatrical production of Shakespeare\'s <em>Othello</em>?</p>',3,1,4,'',0),(36,'<p>The maximum number of terms a President may serve was once only a customary limit, but was later enacted into law by the 22nd Amendment to the U.S. Constitution. How many terms is it?</p>',1,1,4,'',0),(37,'<p>The events surrounding the assassination of President John F. Kennedy inspired which Amendment to the U.S. Constitution?</p>',1,1,4,'',0),(38,'<p>Which President was the only one to have a Ph.D.?</p>',2,1,4,'',0),(39,'<p>Which President was fond of cottage cheese and ketchup?</p>',3,1,4,'',0),(40,'<p>Which President was the subject of \"an old Vulcan proverb,\" as quoted by Captain Spock in <em>Star Trek VI: The Undiscovered Country</em>?</p>',2,1,4,'',0),(41,'<p>Which First Lady had the Secret Service code name \"Rover\" due to her extensive travels?</p>',3,1,4,'',0),(42,'<p>It\'s well-known that three of the first five Presidents died on the Fourth of July (John Adams, Thomas Jefferson, James Monroe). &nbsp;Yet only one President was <em>born</em> on the Fourth of July. &nbsp;Which one?</p>',2,1,4,'',0),(43,'<p>Which President is the subject of this piece of political attack doggerel: <em>\"Ma, Ma, where\'s my Pa? Gone to the White House, ha ha ha!\"</em></p>',1,1,4,'',0),(44,'<p>Which fictional President had an \"escape capsule\" in the Presidential aircraft that the then-current President thought was a pretty good idea?</p>',1,1,4,'',0),(45,'<p>Which First Daughter was known to refer to the White House as \"The Great White Jail\"?</p>',3,1,4,'',0),(46,'<p>Which Arkansas town was President William J. Clinton born in?</p>',1,1,4,'',0),(47,'<p>Who was the first President to visit the West Coast of the United States (specifically, San Francisco)?</p>',2,1,4,'',0),(48,'<p>Which President not only purchased the first cast-iron stove for the White House, but personally instructed the cook in its use after examining a model of the stove at the U.S. Patent Office?</p>',3,1,4,'',0),(49,'<p>Which President was the first to use makeup for his television appearances?</p>',2,1,4,'',0),(50,'<p>Who is the only President to have attained office without being voted for in a single election?</p>',1,1,4,'',0),(51,'<p>The song \"Hail to the Chief\" is commonly played to honor the President. &nbsp;Which President was it first played for?</p>',2,1,4,'',0),(52,'<p>Which Presidents were elected via a vote in the House of Representatives, as provided for in Article II, Section 1 of the U.S. Constitution, after failing to obtain a majority vote in the Electoral College?</p>',2,2,4,'',0),(53,'<p>Which President was the only one to have the Oath of Office administered by a woman?</p>',3,1,4,'',0),(54,'<p>If a SQL join returns rows when there is at least one match in both tables, this is a....</p>',1,1,1,'',0),(55,'<p>If a SQL join returns all rows in the left table, even when there are no matches in the right table, this is a...</p>',1,1,1,'',0),(56,'<p>If a SQL join returns rows when there is a match in the right table, but no matches in the left table, this is a....</p>',1,1,1,'',0),(57,'<p>If a SQL join returns rows when there is one match in one of the tables, this is a....</p>',1,1,1,'',0),(58,'<p>This statement is used to combine the result set of two or more SELECT statements.</p>',1,3,1,'',0),(59,'<p>Technical analysis evalutes securities by analyzing the statistics generated by market activity, such as past prices and volume.</p>',1,1,1,'',0),(60,'<p>Fundamental analysis attempts to use charts and other tools which can suggest future activity.</p>',1,1,1,'',0),(61,'<p>Fundamental analysis attempts to measure a security\'s intrinsic value.</p>',1,1,1,'',0),(62,'<p>Technical analysts use historical price and volume data exclusively.</p>',1,1,1,'',0),(63,'<p>If the strike price of a call option is $30, and the intrinsic value of the option is $10, how much must the market price be?</p>',1,3,1,'',0),(64,'<p>If the market price of the underlying security of a call option is $75, and the strike price of the option is $52, what is the intrinsic value of the option?</p>',1,3,1,'',0),(65,'<p>If a put option has a strike price of $35, and the underlying security has a market price of $50, is the option \'in the money\'?</p>',1,1,1,'',0),(66,'<p>Technical analysts place great importance of the value of a security.</p>',1,1,1,'',0),(67,'<p>test question</p>',1,3,2,'',0),(68,'<p>Developing strategies in line with market requirements entails...</p>',1,5,1,'',0),(69,'<p>A&nbsp;<strong>core</strong> business function directly serves the objective of the business.</p>',1,1,1,'',0),(75,'<p>STEP analysis involves analyzing the following factors:</p>',1,5,1,'',0),(70,'<p>A business function which does not directly serve the objective of the enterprise is a...</p>',1,3,1,'',0),(71,'<p>A manager requires seven competencies.. they are:</p>',1,5,1,'',0),(72,'<p>The ___________ ____________ defines the direction that the organization grows in.</p>',1,3,1,'',0),(73,'<p>To determine its business strategy, an enterprise...</p>',1,4,1,'',0),(74,'<p>Porter\'s Five Forces....</p>',1,5,1,'',0),(76,'<p>Values, lifestyle and education would be examples of which kind of factors in STEP analysis?</p>',1,1,1,'',0),(77,'<p>Exchange rates, taxation, and business cycles would be examples of which kind of factors in STEP analysis?</p>',1,1,1,'',0),(78,'<p>Product lifecycles would be an example of which kind of factors in STEP analysis?</p>',1,3,1,'',0),(79,'<p>Which of the following are examples of Political factors in STEP analysis?</p>',1,2,1,'',0),(80,'<p>Does OpenShift logging support fucking suck?!</p>',1,1,1,'',0),(81,'<p>A suport function serves the objective of a business....</p>',1,3,1,'',0),(82,'<p>A manager is a person who does these activities....</p>',1,5,1,'',0),(83,'<p>Business administration is understood as _________ and __________ business activities.</p>',1,5,1,'',0),(84,'<p>Porter\'s Five Forces help you determine the _____________ of a market.</p>',1,3,1,'',0),(85,'<p>SWOT is for analyzing the ...</p>',1,1,1,'',0),(86,'<p>SWOT analyzes the market overall, so it is an external analysis.</p>',1,1,1,'',0),(87,'<p>STEP analyzes the market overall, so it is an external analysis.</p>',1,1,1,'',0),(88,'<p>In SWOT analysis,&nbsp;<strong>Strengths</strong>&nbsp;fall under which categories?</p>',1,2,1,'',0),(119,'<p>Marketing is the [[realization]] of enterprise [[goals]] and the [[alignment]] of the entire enterprise in the market.</p>',1,3,1,'',0),(89,'<p>In SWOT analysis,&nbsp;<strong>Weaknesses</strong>&nbsp;fall under which categories?</p>',1,2,1,'',0),(370,'<p>Which of these analysis methods deals with&nbsp;aspects internally and externally relevant to the organization?</p>',1,2,1,'',0),(90,'<p>In SWOT analysis,&nbsp;<strong>Opportunities</strong>&nbsp;fall in which categories?</p>',1,2,1,'',0),(369,'<p>The four perspectives of Balanced Scorecard...</p>',1,5,1,'',0),(91,'<p>In SWOT analysis,&nbsp;<span id=\"_mce_caret\" data-mce-bogus=\"true\"><strong>?Threats&nbsp;</strong><span id=\"_mce_caret\" data-mce-bogus=\"true\">fall in which categories?</span></span></p>',1,2,1,'',0),(92,'<p>Marketing is the [[market-oriented]] [[realization]] of [[enterprise goals]] and the [[alignment]] of the [[entire enterprise]] in the market.</p>',1,3,1,'',0),(93,'<p>An enterprise that reacts to what others do, responding to them uses....</p>',1,1,1,'',0),(94,'<p>Ensuring that requests, requirements, and needs of customers take center stage in enterprise activity is an example of ...</p>',1,1,1,'',0),(95,'<p>[[Project management]] is the application of [[knowledge]], [[skills]], [[tools]], and [[techniques]] to a set of [[activities]] to meet a specified objective.</p>',1,3,1,'',0),(96,'<p>An undertaking with limited timeframes and budget to deliver clearly defined results....</p>',1,3,1,'',0),(97,'<p>When this is undertaken, it is to meet unique goals and objectives.</p>',1,3,1,'',0),(98,'<p>Projects are [[limited]] and [[unique]].</p>',1,3,1,'',0),(99,'<p>The collection of activities a firm uses to deliver and support its product is its ... ?</p>',1,3,1,'',0),(100,'<p>The sequence of Project Management tasks...</p>',1,4,1,'',0),(101,'<p>Project Management tasks..</p>',1,5,1,'',0),(102,'<p>The collection of activities performed by a firm to bring its product/service to market is referred to as the ....&nbsp;</p>',1,3,1,'',0),(103,'<p>Ensures that money is available to operate the enterprise.</p>',1,1,1,'',0),(104,'<p>Tracks cash flow, counts revenues, expenses, etc.</p>',1,1,1,'',0),(105,'<p>The function of the organization that produces the actual product or provides services.</p>',1,1,1,'',0),(111,'<p>The function of the organization that sells the product to individual customers.</p>',1,1,1,'',0),(110,'<p>The function of the organization that monitors the market, does advertising, and product development.</p>',1,1,1,'',0),(109,'<p>This function of the organization recruits, hires, retains and trains staff.</p>',1,1,1,'',0),(112,'<p>This function of the organization selects, operates, and develops information services.</p>',1,1,1,'',0),(113,'<p>This departments ensures that laws are adhered to, provide legal and patent advice, as well as legal representation.</p>',1,3,1,'',0),(115,'<p>Various strategies for the segmentation of a market:</p>',1,5,1,'',0),(116,'<p>Market segmentation by income is an example of which market segmentation strategy?</p>',1,1,1,'',0),(117,'<p>As a market segmentation strategy, complete segmentation is where each [[customer]] is handled [[individually]].</p>',1,3,1,'',0),(118,'<p>As a strategy for market segmentation, multidimensional segmentation uses, at minimum, how many categories?</p>',1,3,1,'',0),(120,'<p>A [[value chain]] is a collection of activities performed to design, produce, market, deliver, and support a firm\'s product.</p>',1,3,1,'',0),(121,'<p>A value chain is made up of [[primary]] and [[supporting]] processes.</p>',1,3,1,'',0),(122,'<p>Project management starts with the [[initiation]] of the project. The project itself does not start until the [[project charter]] has been signed.</p>',1,3,1,'',0),(123,'<p>The final step in a project is referred to as [[closing]].</p>',1,3,1,'',0),(124,'<p>[[Fixed costs]] are costs that are [[constant]] within a specific period of time and are [[independent]] of the production [[volume]] or quantity of sales.</p>',1,3,1,'',0),(125,'<p>A [[variable]] cost changes if the production volume or quantity of sales changes.</p>',1,3,1,'',0),(126,'<p>[[Overhead costs]] are costs that can be allocated only indirectly to a cost unit (product, service).</p>',1,3,1,'',0),(127,'<p>If you ran a taxi service, electricity and rent would be examples of ...&nbsp;</p>',1,1,1,'',0),(128,'<p>If you ran a bakery, cake platters would be an example of ...</p>',1,1,1,'',0),(129,'<p>If you run a coffee shop, and you pay for Pandora to provide music to your customers, this is an example of a ...</p>',1,1,1,'',0),(130,'<p>[[assets]] - [[liabilities]] = [[capital]]</p>',1,3,1,'',0),(131,'<p>[[Return on Investment]] = [[net income]] / [[equity]]</p>',1,3,1,'',0),(132,'<p>[[Break even analysis]] is a comparison between [[production costs]] and [[sales revenue]].</p>',1,3,1,'',0),(133,'<p>[[break even point]] = [[fixed costs]] / ([[sales price]] - [[variable unit costs]])</p>',1,3,1,'',0),(134,'<p>The X axis in a B-E analysis is...</p>',1,1,1,'',0),(135,'<p>The Y axis in a B-E analysis is..&nbsp;</p>',1,1,1,'',0),(136,'<p>The line that starts at (0, 0) in a B-E analysis is..</p>',1,1,1,'',0),(137,'<p>The line that starts higher than (0, 0) on the Y axis in a B-E analysis is...</p>',1,1,1,'',0),(138,'<p>Crossover analysis is a comparison between..</p>',1,2,1,'',0),(139,'<p>A crossover analysis will be useful to you if in one of the two scenarios, both the fixed and variable costs are higher or lower than the other scenario.</p>',1,1,1,'',0),(140,'<p>The X axis in a crossover analysis is..</p>',1,1,1,'',0),(141,'<p>The Y axis in a crossover analysis is ...</p>',1,1,1,'',0),(142,'<p>Which of the following items describe the project management process?</p>',1,1,1,'',0),(143,'<p>Which are elements of an effective marketing strategy?</p>',1,1,1,'',0),(144,'<p>What is a value chain?</p>',1,1,1,'',0),(145,'<p>What is the break-even point?</p>',1,1,1,'',0),(146,'<p>Which business function is a support function?</p>',1,1,1,'',0),(147,'<p>Which statement about the working capital is correct?</p>',1,1,1,'',0),(148,'<p>Which are the main management skills?</p>',1,1,1,'',0),(149,'<p>What is the main goal of the business function Finance?</p>',1,1,1,'',0),(150,'<p>Which are elements of project management?</p>',1,1,1,'',0),(151,'<p>Which are elements of Porter\'s Five Forces?</p>',1,1,1,'',0),(152,'<p>Which are elements of a value chain?</p>',1,1,1,'',0),(153,'<p>Which business functions are not support functions?</p>',1,2,1,'',0),(154,'<p>What is the main goal of the accounting department?</p>',1,1,1,'',0),(155,'<p>Geary A. Rummler and Alan P. Brache define a [[business process]] as a [[series of steps]] designed to [[produce a product or service]].</p>',1,3,1,'',0),(156,'<p>Martyn Ould defines a business process as a coherent set of [[activities]] caried out by a [[collaborating group]] to achieve a [[goal]].</p>',1,3,1,'',0),(157,'<p>OMG defines a business process as a [[defined set]] of [[business activities]] that represent the steps required to [[achieve]] a [[business objective]].</p>',1,3,1,'',0),(158,'<p>What makes a process complex?</p>',1,1,1,'',0),(159,'<p>..in a process focused organization, [[processes]] are treated as [[assets]].</p>',1,3,1,'',0),(160,'<p>For processes, the main focus is often on flowcharts. But there is additional information available for a business process. Such as...</p>',1,5,1,'',0),(161,'<p>The activities, the elementatry steps, of a process have characteristics such as...</p>',1,5,1,'',0),(162,'<p>A [[goal]] is a [[targeted]], [[desirable]] [[state]].</p>',1,3,1,'',0),(163,'<p>The goal of [[process discovery]] is to [[detect]] [[implicit knowledge]] about [[as-is]] processes and make it [[explicit]].</p>',1,3,1,'',0),(164,'<p>Supporters of Business Process Reengineering value documentation of as-is processes.</p>',1,1,1,'',0),(165,'<p>Supporters of Business Process Reengineering work to develop business processes from scratch.</p>',1,1,1,'',0),(166,'<p>Business Process Reengineering enables as-is/to-be comparisons.</p>',1,1,1,'',0),(167,'<p>Business Process Analysis enables as-is/to-be comparison.</p>',1,1,1,'',0),(168,'<p>This standard provides a graphical notation for modeling business processes.</p>',1,1,1,'',0),(169,'<p>BPMN is meant to be understood only by the technical participants in the organization.</p>',1,1,1,'',0),(170,'<p>BPMN notation can be understood by all stakeholders.</p>',1,1,1,'',0),(171,'<p>BPMN cannot be represented in XML.</p>',1,1,1,'',0),(172,'<p>A metamodel is available in BPMN 1.0.</p>',1,1,1,'',0),(173,'<p>A metamodel is available in BPMN 2.0.</p>',1,1,1,'',0),(174,'<p>You can define organization structure in BPMN.</p>',1,1,1,'',0),(175,'<p>Which standard should you use to define business objects and business rules?</p>',1,1,1,'',0),(176,'<p>BPD stands for [[business]] [[process]] [[diagram]].</p>',1,3,1,'',0),(177,'<p>Which of these is <strong><em>not</em></strong><em></em> a flow object?</p>',1,1,1,'',0),(178,'<p>Flow objects...</p>',1,5,1,'',0),(179,'<p>Activities, Gateways, and Events are type of ....</p>',1,3,1,'',0),(180,'<p>If an activity has two seperate outbound sequence flows, leading to other activities, which will be executed first?</p>',1,1,1,'',0),(182,'<p>Comments are indicated with...</p>',1,1,1,'',0),(183,'<p>An association is indicated by...</p>',1,1,1,'',0),(184,'<p>Comments are linked with other model elements by an [[association]].</p>',1,3,1,'',0),(185,'<p>The [[trigger]] is the circumstance(s) under which an event in BPMN occurs.</p>',1,3,1,'',0),(186,'<p>The time event at which an event occurs must be a specific, concrete point in time.</p>',1,1,1,'',0),(187,'<p>The time event at which an event occurs&nbsp;can be a recurring event, for instance, every 30 seconds.</p>',1,1,1,'',0),(188,'<p><img src=\"https://cdn-lucidchart-com.s3.amazonaws.com/parallel-gateway-example.jpg\" alt=\"bpmn gateway example\" width=\"314\" height=\"136\" /></p>\n<p>Which gateways are depicted in this example?</p>',1,1,1,'',0),(189,'<p>The types of BPMN gateways...</p>',1,5,1,'',0),(190,'<p>An explicit parallel flow uses multiple sequence flows that leave an activity, connecting directly to subsequent activities.</p>',1,1,1,'',0),(191,'<p>An implicit&nbsp;parallel flow uses multiple sequence flows that leave an activity, connecting directly to subsequent activities.</p>',1,1,1,'',0),(192,'<p>An explicit parallel flow uses a single outgoing sequence flow connected to a parallel gateway, which then connects sequence flows to other activities.</p>',1,1,1,'',0),(193,'<p>An implicit&nbsp;parallel flow uses a single outgoing sequence flow connected to a parallel gateway, which then connects sequence flows to other activities.</p>',1,1,1,'',0),(194,'<p>A parallel gateway will continue the flow when...&nbsp;</p>',1,1,1,'',0),(195,'<p>A process can have more end events than start events.</p>',1,1,1,'',0),(196,'<p>Name the&nbsp;symbol that distinguishes&nbsp;a conditional sequence flow from a standard sequence flow.</p>',1,3,1,'',0),(197,'<p>A default sequence flow is has what distinguishing mark?</p>',1,3,1,'',0),(198,'<p>In order to express that exactly one alternative can be selected, which gateway would you use?</p>',1,1,1,'',0),(199,'<p>For example, picture an exclusive gateway with two conditions. Both conditions are true. Which path will the sequence flow take?</p>',1,1,1,'',0),(200,'<p>An exclusive gateway is merging two sequence flows. At what point will it allow the process to continue?</p>',1,1,1,'',0),(201,'<p>You have an activity with conditional sequence flows, and it is possible that none of them will be true. What should you do?</p>',1,1,1,'',0),(202,'<p>A data object connects to an [[activity]] via an [[association]].</p>',1,3,1,'',0),(203,'<p>A data object which has state will have...</p>',1,1,1,'',0),(204,'<p>A pool can communicate with another pool via message flows only.</p>',1,1,1,'',0),(205,'<p>A [[flow]] object is an [[event]], [[activity]], or [[gateway]].</p>',1,3,1,'',0),(206,'<p>A token can cross a message flow to reach another pool.</p>',1,1,1,'',0),(207,'<p>A [[sequence flow]] connects flow objects and is used to show the order that activities will be performed in a process.</p>',1,3,1,'',0),(208,'<p>A sequence flow can be used to describe message exchanges between pools.</p>',1,1,1,'',0),(209,'<p>Sequence flows can go beyond pool boundaries.</p>',1,1,1,'',0),(210,'<p>Sequence flows can go between&nbsp;pools.</p>',1,1,1,'',0),(211,'<p>Sequence flows can go between&nbsp;pool lanes.</p>',1,1,1,'',0),(212,'<p>Sequence flows cannot go from a flow object to a data object.</p>',1,1,1,'',0),(213,'<p>A start event needs an incoming sequence flow.</p>',1,1,1,'',0),(214,'<p>An end event can have an outgoing sequence flow.</p>',1,1,1,'',0),(215,'<p>A [[conditional]] sequence flow is a sequence flow that comes directly from an activity, and has a small diamond at its beginning.</p>',1,3,1,'',0),(216,'<p>A [[default]] sequence flow receives a token whenever no condition of the other outgoing sequence flows is met.</p>',1,3,1,'',0),(217,'<p>A default sequence flow has a [[slash]] at its beginning.</p>',1,3,1,'',0),(218,'<p>A conditional sequence flow can originate from any flow object.</p>',1,1,1,'',0),(219,'<p>A conditional sequence flow can only originate from an activity.</p>',1,1,1,'',0),(220,'<p>A default sequence flow&nbsp;can originate from an exclusive gateway or an activity.</p>',1,1,1,'',0),(221,'<p>A default sequence flow can originate from any gateway or activity.</p>',1,1,1,'',0),(222,'<p>An [[activity]] is a generic term for work that a company or organization performs via business processes.</p>',1,3,1,'',0),(223,'<p>Tasks, subprocess, and processes are all types of .....</p>',1,3,1,'',0),(224,'<p>An atomic activity that is included within a process is a [[task]].</p>',1,3,1,'',0),(225,'<p>This type of activity has detail that is defined as a flow of other activities...</p>',1,3,1,'',0),(226,'<p>A [[process]] is a sequence of [[activities]] that are supported by one or more participants.</p>',1,3,1,'',0),(227,'<p>If a process has an expanded subprocess visible, it is legal for&nbsp;sequence flows coming into or leaving the subprocess to connect to its internal activities.</p>',1,1,1,'',0),(228,'<p>In regards to subprocesses, incoming and outgoing sequence flows must connect only with the boundary of the subprocess.</p>',1,1,1,'',0),(229,'<p>A sub-process is&nbsp;an activity with what symbol on the bottom?</p>',1,1,1,'',0),(230,'<p>A <strong>loop</strong>&nbsp;is&nbsp;an activity with what symbol on the bottom?</p>',1,1,1,'',0),(231,'<p>A <strong>multiple instance</strong>&nbsp;is&nbsp;an activity with what symbol on the bottom?</p>',1,1,1,'',0),(232,'<p>A <strong>compensation</strong>&nbsp;is&nbsp;an activity with what symbol on the bottom?</p>',1,1,1,'',0),(233,'<p>Which of the following can only be sub-processes, as opposed to tasks?</p>',1,2,1,'',0),(234,'<p>Which activity is represented by double lines as opposed to single lines?</p>',1,1,1,'',0),(235,'<p>Multiple instance activities can be thought of as functions: they do a thing potentially multiple times, in parallel or in sequence, using different data each time.</p>',1,1,1,'',0),(236,'<p>These activities can only be subprocesses, not tasks.</p>',1,5,1,'',0),(237,'<p>The [[transaction]] comprises multiple work steps that collectively form an indivisible whole.</p>',1,3,1,'',0),(238,'<p>The opposite of a [[transaction]] activity is a [[compensation]] activity.</p>',1,3,1,'',0),(239,'<p>An [[ad hoc]] process is a group of activities that have no pre-definable sequence relationships.</p>',1,3,1,'',0),(240,'<p>An ad hoc activity&nbsp;can be represented by a task with a tilde on the bottom.</p>',1,1,1,'',0),(241,'<p>A&nbsp;transaction activity&nbsp;can be represented by a task with&nbsp;double lines around its wall.</p>',1,1,1,'',0),(242,'<p>Activities within an ad hoc activity can be executed more than once.</p>',1,1,1,'',0),(243,'<p>Activities within an ad hoc activity can only be executed once.</p>',1,1,1,'',0),(244,'<p>Whether an activity within an ad hoc process is executed more than once depends on...</p>',1,1,1,'',0),(245,'<p>An ad hoc activity is a random sequence.</p>',1,1,1,'',0),(246,'<p>A transaction activity can be partially&nbsp;successfully executed, and some activities within it could at the same time, fail.</p>',1,1,1,'',0),(247,'<p>A compensation is the same as a transaction.</p>',1,1,1,'',0),(248,'<p>[[Compensation]] is an explicit reverse action, used to undo a failed [[transaction]].</p>',1,3,1,'',0),(249,'<p>A transaction must have a corresponding compensation.</p>',1,1,1,'',0),(250,'<p>Activity types, like Loop or Multiple Instance, can be combined with a compensation.</p>',1,1,1,'',0),(251,'<p>The default behavior type of a task is [[none]].</p>',1,3,1,'',0),(252,'<p>Flow objects which send messages must not have any...</p>',1,1,1,'',0),(253,'<p>Flow objects which receive&nbsp;messages must not have any...</p>',1,1,1,'',0),(254,'<p>The eight predefined task types in BPMN...</p>',1,5,1,'',0),(255,'<p>The throw event with message trigger is an alternative notation for which task?</p>',1,1,1,'',0),(256,'<p>The catch&nbsp;event with message trigger is an alternative notation for which task?</p>',1,1,1,'',0),(257,'<p>Choose the task type(s) which cannot have any incoming or outgoing message flows.</p>',1,2,1,'',0),(258,'<p>This task does not require any IT support; it is done by a participant&nbsp;outside of process software.</p>',1,1,1,'',0),(259,'<p>A [[user]] task is a semi-automated step.</p>',1,3,1,'',0),(260,'<p>A [[service]] task is an automatable application.</p>',1,3,1,'',0),(261,'<p>A [[script]] task is executed by a process engine.</p>',1,3,1,'',0),(262,'<p>You would use a [[reference]] task if you wanted to reuse another task.</p>',1,3,1,'',0),(263,'<p>Which type of subprocess does not have any pools or lanes within it?</p>',1,1,1,'',0),(264,'<p>Which is the default type&nbsp;for subprocesses?</p>',1,1,1,'',0),(265,'<p>If an activity is terminated abnormally, it is okay if the values existing before the activity executed are written back, basically rejecting what the abnormal activity wrote.</p>',1,1,1,'',0),(266,'<p>If an activity terminates abnormally, a compensation can be executed to reverse the steps taken by the activity.</p>',1,1,1,'',0),(267,'<p>If an activity terminates abnormally, but has not made any changes, it is okay if no cleanup actions take place.</p>',1,1,1,'',0),(268,'<p>Which gateway is represented by a diamond with a capital X in it?</p>',1,1,1,'',0),(269,'<p>Which gateway is represented by an empty diamond?</p>',1,1,1,'',0),(270,'<p>Which gateway is represented by an pentagon within a double circle within a diamond?</p>',1,1,1,'',0),(271,'<p>Which gateway is represented by a plus sign&nbsp;within a diamond?</p>',1,1,1,'',0),(272,'<p>Which gateway is represented by perpindicular lines&nbsp;within a diamond?</p>',1,1,1,'',0),(273,'<p>Which gateway is represented by a circle&nbsp;within a diamond?</p>',1,1,1,'',0),(274,'<p>Which gateway is represented by an asterisk&nbsp;within a diamond?</p>',1,1,1,'',0),(275,'<p>Exclusive gateways that are not [[event]] based are [[data]] based.</p>',1,3,1,'',0),(276,'<p>An event based gateway could be followed by any BPMN event.</p>',1,1,1,'',0),(277,'<p>An event based gateway could be followed by any incoming BPMN event.</p>',1,1,1,'',0),(278,'<p>An event based gateway could be followed by any BPMN&nbsp;task.</p>',1,1,1,'',0),(279,'<p>An event based gateway could be followed by a task with type Receive.</p>',1,1,1,'',0),(280,'<p>A parallel gateway\'s sequence flows may have conditions.</p>',1,1,1,'',0),(281,'<p>In a parallel gateway sequence flow, each flow gets a token. BPMN specifies that the activities who catch the token must execute at the same time.</p>',1,1,1,'',0),(282,'<p>The dynamics of a parallel flow can be represented either with a parallel gateway, or with multiple sequence flows leaving an activity.</p>',1,1,1,'',0),(283,'<p>If multiple sequence flows leave an activity, they all get tokens at the same time.</p>',1,1,1,'',0),(284,'<p>Multiple flows leaving from an activity forms a parallel sequence flow; each outgoing flow gets a token. To sychronize them, so that the parallel flows become one,&nbsp;each outgoing flow can merge onto a single activity.</p>',1,1,1,'',0),(285,'<p>Multiple flows leaving from an activity forms a parallel sequence flow; each outgoing flow gets a token. To sychronize them, so that the parallel flows become one,&nbsp;you must use a parallel gateway. It waits for each sequence flow before continuing with a single token.</p>',1,1,1,'',0),(286,'<p>A parallel box is a subprocess without a start and an end event.</p>',1,1,1,'',0),(287,'<p>In a parallel box, the internal activities do not need incoming sequence flows to begin processing.</p>',1,1,1,'',0),(288,'<p>In a parallel box, each activity that does not have an incoming sequence flow gets a token.</p>',1,1,1,'',0),(289,'<p>In a parallel box, the sequence flow continues once any one of the internal activities completes.</p>',1,1,1,'',0),(290,'<p>If you had an exclusive gateway sending a token to one of&nbsp;a number of activities, and then each of those activities with an outgoing sequence flow that merged at a parallel gateway, when a token hit the parallel gateway, as it was the only one sent, the flow would continue normally.</p>',1,1,1,'',0),(291,'<p>In an [[inclusive]] gateway, sequence flow continues along one or more alternative pathways, depending on branch conditions.</p>',1,3,1,'',0),(292,'<p>If only one condition is true, the inclusive gateway behaves just like an exclusive gateway.</p>',1,1,1,'',0),(293,'<p>If an inclusive gateway has multiple conditions which are true, only the path of the first condition is taken.</p>',1,1,1,'',0),(294,'<p>If an exclusive&nbsp;gateway has multiple conditions which are true, only the path of the first condition is taken.</p>',1,1,1,'',0),(295,'<p>A closing inclusive gateway knows how many active tokens there are, and will wait for that many before continuing the process.</p>',1,1,1,'',0),(296,'<p>A closing exclusive&nbsp;gateway knows how many active tokens there are, and will wait for that many before continuing the process.</p>',1,1,1,'',0),(297,'<p>[[Conditional]] sequence flows leading from an activity could be an alternative way of diagramming a multuple choice scenario, using an [[inclusive]] gateway.</p>',1,3,1,'',0),(298,'<p>A circle&nbsp;with a single, narrow edge is a ...</p>',1,1,1,'',0),(299,'<p>A circle&nbsp;with a bold&nbsp;edge is a ...</p>',1,1,1,'',0),(300,'<p>A circle&nbsp;with a double&nbsp;edge is a ...</p>',1,1,1,'',0),(301,'<p>How does a process without a start event know which activity is actually started?</p>',1,1,1,'',0),(302,'<p>Throw events are ...</p>',1,1,1,'',0),(303,'<p>Catch&nbsp;events are ...</p>',1,1,1,'',0),(304,'<p>A throw event will wait for the event to arrive, and then throw it.</p>',1,1,1,'',0),(305,'<p>A throw event throws the event, and then continues the process.</p>',1,1,1,'',0),(306,'<p>The process waits for a catch event, and then continues.</p>',1,1,1,'',0),(307,'<p>An intermediate event can have multiple incoming or outgoing sequence flows.</p>',1,1,1,'',0),(308,'<p>An event on the boundary of an activity cancels the entire activity when it occurs.</p>',1,1,1,'',0),(309,'<p>Sequence flows on an intermediate event on the boundary of an activity...</p>',1,1,1,'',0),(310,'<p>A message flow can go beyond pool boundaries.</p>',1,1,1,'',0),(311,'<p>A sequence&nbsp;flow can go beyond pool boundaries.</p>',1,1,1,'',0),(312,'<p>A message flow can send a message within a pool.</p>',1,1,1,'',0),(313,'<p>A message flow can send a message between lanes of&nbsp;a pool.</p>',1,1,1,'',0),(314,'<p>A terminate event cancels the entire flow immediately.</p>',1,1,1,'',0),(315,'<p>Subprocesses which reach a terminate event also cause their parent processes to terminate.</p>',1,1,1,'',0),(316,'<p>This is a graphical container for partitioning a set of activities from other activities.</p>',1,3,1,'',0),(317,'<p>A process can exist outside of a pool.</p>',1,1,1,'',0),(318,'<p>A lane can appear in more than one pool.</p>',1,1,1,'',0),(319,'<p>You should think of pools as participants, or roles, in a process.</p>',1,1,1,'',0),(320,'<p>A dashed line with a small open circle at one end, and a small open triangle at the other represents....</p>',1,1,1,'',0),(321,'<p>A solid&nbsp;line with a small closed&nbsp;triangle at the end&nbsp;represents....</p>',1,1,1,'',0),(322,'<p>A dotted&nbsp;line with an arrowhead&nbsp;at the end&nbsp;represents....</p>',1,1,1,'',0),(323,'<p>Messages are always between two pools.</p>',1,1,1,'',0),(324,'<p>A message between a flow object and a pool, meaning the arrowhead of the message flow touches the boundary of the pool, is permitted.</p>',1,1,1,'',0),(325,'<p>A message between two flow objects, in the same pool,&nbsp;is permitted.</p>',1,1,1,'',0),(326,'<p>A message between two flow objects, in seperate&nbsp;pools,&nbsp;is permitted.</p>',1,1,1,'',0),(327,'<p>A message from a catch&nbsp;event to a throw event is permitted.</p>',1,1,1,'',0),(328,'<p>A flow object must never appear on the boundary of a pool or lane.</p>',1,1,1,'',0),(329,'<p>A [[group]], [[text annotation]], [[data object]] and [[association]] are all types of [[artifacts]].</p>',1,3,1,'',0),(330,'<p>A piece of paper with the upper right corner folded over is the symbol for a [[data object]].</p>',1,3,1,'',0),(331,'<p>An association can connect a data object with any BPMN element.</p>',1,1,1,'',0),(332,'<p>Which element cannot accept incoming message flow?</p>',1,1,1,'',0),(333,'<p>Can it be said that a Group artifact connects the elements it contains?</p>',1,1,1,'',0),(334,'<p>Which types of connecting objects can connect elements of two different lanes in the same pool?</p>',1,1,1,'',0),(335,'<p>Can an association connect elements of two different lanes in the same pool?</p>',1,1,1,'',0),(336,'<p>A [[regulation]] is a directive published by a [[legislature]] and compliance is [[mandatory]].</p>',1,3,1,'',0),(337,'<p>A _______________ is a contractual standard that organizations commit to on their own accord.</p>',1,3,1,'',0),(338,'<p>A [[principle]] is a generally acknowledged rule; a proven procedure.</p>',1,3,1,'',0),(339,'<p>A [[guideline]] is a set of [[principles]].</p>',1,3,1,'',0),(340,'<p>A [[standard]] can also be referred to as a [[norm]].</p>',1,3,1,'',0),(341,'<p>Rules that were created and published, designed to be used in accodance with a defined process.</p>',1,3,1,'',0),(342,'<p>An enterprise-wide guideline is an internal [[standard]].</p>',1,3,1,'',0),(343,'<p>A [[control model]] is similar to a standard, but it focuses on the implementation of rules rather than the rules themselves.</p>',1,3,1,'',0),(344,'<p>A [[best practice]] is an accepted approach to implement something based on experience.</p>',1,3,1,'',0),(345,'<p>The [[organizational control]] is an activity that ensures that a directive, such as an organizational policy or guideline, is adhered to.</p>',1,3,1,'',0),(346,'<p>An [[organizational policy]] is a formal document that describes an organization\'s attitude toward a specific aspect.</p>',1,3,1,'',0),(347,'<p>The set of organizational policies of an enterprise is also referred to as [[business policy]].</p>',1,3,1,'',0),(348,'<p>An [[organizational procedure]] is a step-by-step instruction on how to implement a task.</p>',1,3,1,'',0),(349,'<p>An SOP, Standard Operating Procedure, is a type of [[organizational procedure]].</p>',1,3,1,'',0),(350,'<p>[[Corporate governance]] is the set of [[processes]] and [[directives]] that lead, control, and [[manage]] the units of an enterprise.</p>',1,3,1,'',0),(351,'<p>A [[process framework]] is a list of typical [[default processes]].</p>',1,3,1,'',0),(352,'<p>The Principles of TQM:</p>',1,5,1,'',0),(353,'<p>The techniques of TQM</p>',1,5,1,'',0),(354,'<p>Put these in the order that they&nbsp;came to exist..</p>',1,4,1,'',0),(355,'<p>BPR is a radical method for reengineering an organization, aligning business functions with the tasks that needs to be done.</p>',1,1,1,'',0),(356,'<p>In the end, BPR aligns the organization around processes.</p>',1,1,1,'',0),(357,'<p>BPR aims for&nbsp;incremental and detailed steps to cost reduction and quality improvement.</p>',1,1,1,'',0),(358,'<p>Business process management comprises [[coordinated]] tasks to [[record]], [[improve]], and [[integrate]] processes of the organization.</p>',1,3,1,'',0),(359,'<p>James F. Chang defines [[four]] principles, and [[eight]] tools to BPM.</p>',1,3,1,'',0),(360,'<p>James F. Chang\'s Principle 1 of BPM says \"Business processes are central [[assets]] of the organization...that are directly [[invested]] in.\"</p>',1,3,1,'',0),(361,'<p>James F. Chang\'s Principle 2 of BPM says \"As assets, business processes must be [[managed explicitly]].\"</p>',1,3,1,'',0),(362,'<p>James F. Chang\'s Principle 3 of BPM says, \"Business processes must be [[improved continuously]].\"</p>',1,3,1,'',0),(363,'<p>James F. Chang\'s Principle 4 of BPM says, \"The use of information technology is [[essential]] for the success of BPM.\"</p>',1,3,1,'',0),(364,'<p>James F. Chang\'s Tool #1 for implementing BPM: \"Establish [[process]] focused [[organization]] [[structures]].\"</p>',1,3,1,'',0),(365,'<p>James F. Chang\'s Tool #2 for BPM: \"[[Nominate]] process [[owners]].\"</p>',1,3,1,'',0),(366,'<p>James F. Chang\'s Tool #3 for BPM: \"[[Upper management]] must support and promote BPM.\"</p>',1,3,1,'',0),(367,'<p>James F. Chang\'s Tool #4 for BPM: \"Establish [[IT]] systems to monitor, control, analyze, and improve business processes.\"</p>',1,3,1,'',0),(368,'<p>An association can connect a data object with which BPMN entities?</p>',1,2,1,'',0),(371,'<p>A Balanced Scorecard focuses on the financial perspective of a company.</p>',1,1,1,'',0),(372,'<p>Each perspective in a Balanced Scorecard has these attributes...</p>',1,5,1,'',0),(373,'<p>This perspective attribute in a Balanced Scorecard describes what the business wants to happen in that perspective...</p>',1,1,1,'',0),(374,'<p>This perspective attribute in a Balanced Scorecard describes&nbsp;the parameters to be observed to determine progress, or the lack of..</p>',1,1,1,'',0),(375,'<p>This perspective attribute in a Balanced Scorecard quantifies&nbsp;progress in the observed parameters which the business hopes to achieve.</p>',1,1,1,'',0),(376,'<p>This perspective attribute in a Balanced Scorecard&nbsp;describes the means the business will use to achieve its desired outcome for the given perspective.</p>',1,1,1,'',0),(377,'<p>This perspective attribute in a Balanced Scorecard&nbsp;depends on the Measures attribute.</p>',1,1,1,'',0),(378,'<p>This perspective attribute in a Balanced Scorecard&nbsp;depends on the Objectives&nbsp;attribute.</p>',1,1,1,'',0),(379,'<p>The goal of the Sarbanes-Oxley Act....</p>',1,1,1,'',0),(380,'<p>Which of these perspectives is not covered in the Balanced Scorecard</p>',1,1,1,'',0),(381,'<p>Basel II (and its successor Basel III) is a comprehensive set of reform measures for which industry?</p>',1,1,1,'',0),(382,'<p>COBIT = [[Control]] [[Objectives]] for [[Information]] and [[Related]] [[Technology]]</p>',1,3,1,'',0),(383,'<p>This is a business framework for the governance and management of enterprise IT.</p>',1,1,1,'',0),(384,'<p>Which ISO standard defines basic principles and terms for quality management?</p>',1,1,1,'',0),(385,'<p>Which ISO standard specifies requirements for a&nbsp;quality management system?</p>',1,1,1,'',0),(386,'<p>Which ISO standard is a guidline for improving&nbsp;a&nbsp;quality management system?</p>',1,1,1,'',0),(387,'<p>Which ISO standard is a guidline for auditing&nbsp;a&nbsp;quality management system?</p>',1,1,1,'',0),(388,'<p>ISO 9011 is...&nbsp;</p>',1,1,1,'',0),(389,'<p>ISO 9000 is...&nbsp;</p>',1,1,1,'',0),(390,'<p>ISO 9001 is...&nbsp;</p>',1,1,1,'',0),(391,'<p>ISO 9004 is...&nbsp;</p>',1,1,1,'',0),(392,'<p>Match this description of a focus area in Six Sigma with its&nbsp;title: \"Increase the efficiency of individual employees, among other things, by promoting their ability to assess things.\"</p>',1,1,1,'',0),(393,'<p>Match this description of a focus area in Six Sigma with its&nbsp;title: \"Improve the processes with the involvement of all employees.\"</p>',1,1,1,'',0),(394,'<p>Match this description of a focus area in Six Sigma with its&nbsp;title: \"Develop new processes. Only a few employees must be involved.\"</p>',1,1,1,'',0),(395,'<p>Match this description of a focus area in Six Sigma with its&nbsp;title: \"Executive managers manage the Six Sigma program.\"</p>',1,1,1,'',0),(396,'<p>A quality characteristic in Six Sigma is referred to as...</p>',1,1,1,'',0),(397,'<p>A Six Sigma level of quality is equal to [[3.4]] defects per [[million]] opportunities.</p>',1,3,1,'',0),(398,'<p>In terms of Six Sigma, the terms \'sigma\' and \'standard deviation\' are the same thing.</p>',1,1,1,'',0),(399,'<p>\'[[Sigma]]\' refers to the number of [[standard deviations]] that can fit between the mean, and the [[Upper Control Limit]].</p>',1,3,1,'',0),(400,'<p>A [[standard deviation]] is a number used to tell how measurements for a group are spread out from the average (mean), or expected value.</p>',1,3,1,'',0),(401,'<p>CTX is a process <strong>input</strong>&nbsp;parameter.</p>',1,1,1,'',0),(402,'<p>CTX is a process <strong>output</strong>&nbsp;parameter.</p>',1,1,1,'',0),(403,'<p>Quality characteristics are [[output]] parameters of processes.</p>',1,3,1,'',0),(404,'<p>Quality characteristics (CTX) directly depend on the [[input]] parameters.</p>',1,3,1,'',0),(405,'<p>In the quality characteristic (CTX) formula</p>\n<p style=\"padding-left: 30px;\">y = f(x) + &epsilon;</p>\n<p>y is .....</p>',1,1,1,'',0),(406,'<p>In the quality characteristic (CTX) formula</p>\n<p style=\"padding-left: 30px;\">y = f(x) + &epsilon;</p>\n<p>f( ) is .....</p>',1,1,1,'',0),(407,'<p>In the quality characteristic (CTX) formula</p>\n<p style=\"padding-left: 30px;\">y = f(x) + &epsilon;</p>\n<p>x is .....</p>',1,1,1,'',0),(408,'<p>In the quality characteristic (CTX) formula</p>\n<p style=\"padding-left: 30px;\">y = f(x) + &epsilon;</p>\n<p>&epsilon; is .....</p>',1,1,1,'',0),(409,'<p>Which Six Sigma tool is primarily concerned with the process output parameters?</p>',1,1,1,'',0),(410,'<p>Which Six Sigma tool is primarily concerned with the process input&nbsp;parameters?</p>',1,1,1,'',0),(411,'<p>Which quality framework is most associated with Just In Time (JIT) production?</p>',1,1,1,'',0),(412,'<p>A system in which no resources are kept in stock, but are purchased and delivered as needed is called..</p>',1,1,1,'',0),(413,'<p>Which framework makes key use of the management processes</p>\n<p>\"Plan &gt;&gt; Source &gt;&gt; Make &gt;&gt; Deliver &gt;&gt; Return\"</p>\n<p>?</p>',1,1,1,'',0),(414,'<p>Which business area does SCOR not address?</p>',1,1,1,'',0),(415,'<p>A [[value chain]] is a chain of activities undertaken to deliver a valuable product or service to the market.</p>',1,3,1,'',0),(416,'<p>The levels of the VRM considered by the OCEB Fundamental exam are:</p>',1,5,1,'',0),(417,'<p>Put these levels of the VRM in hierarchical order..</p>',1,4,1,'',0),(418,'<p>Which appraisal in BPMM has the shortest duration?</p>',1,1,1,'',0),(419,'<p>Which appraisal in BPMM has the longest&nbsp;duration?</p>',1,1,1,'',0),(420,'<p>Which appraisal in BPMM&nbsp;does not include employees from the organization being examined on the appraisal team?</p>',1,1,1,'',0),(421,'<p>Which appraisal in BPMM&nbsp;is done in preparation for the final, confirmatory appraisal?</p>',1,1,1,'',0),(422,'<p>Does the BPMM outline the <span style=\"text-decoration: underline;\"><em>how</em></span>&nbsp;(it should be done) or the <span style=\"text-decoration: underline;\"><em>what</em></span>&nbsp;(should be done)&nbsp;in scrutinizing business processes? &nbsp;</p>',1,1,1,'',0),(423,'<p>An organization which has attained this level in BPMM, at a minimum, can be said to have processes.</p>',1,1,1,'',0),(424,'<p>An organization which has attained this level in BPMM,&nbsp;performs its processes in an ad-hoc manner.</p>',1,1,1,'',0),(425,'<p>An organization which has attained this level in BPMM, has&nbsp;business processes in which the outcome is barely predictable.</p>',1,1,1,'',0),(426,'<p>An organization which has attained this level in BPMM, has&nbsp;business processes which are consistently repeatable in work units and/or departments.</p>',1,1,1,'',0),(427,'<p>An organization which has attained this level in BPMM, has&nbsp;business processes&nbsp;which are derived from best practices.</p>',1,1,1,'',0),(428,'<p>In an organization which has attained this level in BPMM, performance of standard processes is recorded statistically to detect deviations.&nbsp;</p>',1,1,1,'',0),(429,'<p>In an organization which has attained this level in BPMM,&nbsp;improvement measures are actively taken to close the gap between&nbsp;the organization&rsquo;s current capability and the capability required to achieve its business objectives.</p>',1,1,1,'',0),(430,'<p>In BPMM,&nbsp;<em>Innovative&nbsp;</em>is which maturity level?</p>',1,1,1,'',0),(431,'<p>In BPMM,&nbsp;<em>Predictable</em><em>&nbsp;</em>is which maturity level?</p>',1,1,1,'',0),(432,'<p>In BPMM, <em>Standardized&nbsp;</em>is which maturity level?</p>',1,1,1,'',0),(433,'<p>In BPMM, <em>Initial</em><em>&nbsp;</em>is which maturity level?</p>',1,1,1,'',0),(434,'<p>Put the maturity levels in BPMM in order...</p>',1,4,1,'',0),(435,'<p>[[Sigma]], also called Z-score or Z-value, is the word which means&nbsp;\"the number of [[standard deviations]] that can fit between the mean and the [[specification limit]].\"</p>',1,3,1,'',0),(436,'<p>In Six Sigma, the symbol&nbsp;</p>\n<h1>&sigma;</h1>\n<p>means <em>...</em></p>',1,1,1,'',0),(437,'<p>What is a project?</p>',1,1,1,'',0),(438,'<p>What year did the civil war end?</p>',1,1,1,'',0),(439,'<p>What year did the civil war end?</p>',1,2,1,'',0),(440,'<p><span style=\"color: #252525; font-family: sans-serif; font-size: 14px; line-height: 22.399999618530273px;\">The&nbsp;</span><strong style=\"color: #252525; font-family: sans-serif; font-size: 14px; line-height: 22.399999618530273px;\">American Civil War</strong><span style=\"color: #252525; font-family: sans-serif; font-size: 14px; line-height: 22.399999618530273px;\">, widely known as simply the&nbsp;</span><strong style=\"color: #252525; font-family: sans-serif; font-size: 14px; line-height: 22.399999618530273px;\"><a style=\"text-decoration: none; color: #0b0080; background: none;\" title=\"Civil war\" href=\"http://en.wikipedia.org/wiki/Civil_war\">Civil War</a></strong><span style=\"color: #252525; font-family: sans-serif; font-size: 14px; line-height: 22.399999618530273px;\">&nbsp;in the United States as well as other&nbsp;</span><a style=\"text-decoration: none; color: #0b0080; font-family: sans-serif; font-size: 14px; line-height: 22.399999618530273px; background-image: none; background-attachment: initial; background-size: initial; background-origin: initial; background-clip: initial; background-position: initial; background-repeat: initial;\" title=\"Names of the American Civil War\" href=\"http://en.wikipedia.org/wiki/Names_of_the_American_Civil_War\">sectional names</a><span style=\"color: #252525; font-family: sans-serif; font-size: 14px; line-height: 22.399999618530273px;\">, was fought from [[1861]] to [[1865]].</span></p>',1,3,1,'',0),(441,'<p>Put these in order</p>',1,4,1,'',0),(442,'<p>The directions on a compass...</p>',1,5,1,'',0);
/*!40000 ALTER TABLE `question` ENABLE KEYS */;
UNLOCK TABLES;

--
-- Table structure for table `question_choice`
--

DROP TABLE IF EXISTS `question_choice`;
/*!40101 SET @saved_cs_client     = @@character_set_client */;
/*!40101 SET character_set_client = utf8 */;
CREATE TABLE `question_choice` (
  `question_id` bigint(20) NOT NULL,
  `choice_id` bigint(20) NOT NULL,
  KEY `question_id` (`question_id`),
  KEY `choice_id` (`choice_id`)
) ENGINE=MyISAM DEFAULT CHARSET=latin1;
/*!40101 SET character_set_client = @saved_cs_client */;

--
-- Dumping data for table `question_choice`
--

LOCK TABLES `question_choice` WRITE;
/*!40000 ALTER TABLE `question_choice` DISABLE KEYS */;
INSERT INTO `question_choice` VALUES (1,1),(1,2),(2,3),(2,6),(2,5),(2,4),(3,9),(3,10),(3,8),(3,7),(4,11),(4,13),(4,14),(4,12),(5,15),(5,16),(6,18),(6,17),(7,20),(7,19),(8,23),(8,22),(8,21),(9,25),(9,24),(10,26),(11,28),(11,27),(12,30),(12,29),(13,33),(13,32),(13,31),(13,34),(14,35),(14,36),(15,37),(15,38),(16,39),(17,41),(17,40),(18,43),(18,42),(19,46),(19,44),(19,45),(20,48),(20,47),(21,51),(21,49),(21,50),(22,52),(22,53),(23,55),(23,54),(24,57),(24,56),(25,58),(26,59),(27,61),(27,63),(27,60),(27,62),(28,65),(28,66),(28,64),(28,67),(29,72),(29,71),(29,68),(29,70),(29,69),(30,76),(30,77),(30,74),(30,73),(30,75),(31,79),(31,78),(31,81),(31,82),(31,80),(32,88),(32,86),(32,84),(32,87),(32,85),(32,83),(33,90),(33,93),(33,89),(33,91),(33,92),(34,94),(34,97),(34,96),(34,98),(34,95),(35,102),(35,100),(35,103),(35,101),(35,99),(36,106),(36,105),(36,107),(36,104),(37,109),(37,111),(37,108),(37,110),(38,115),(38,116),(38,114),(38,113),(38,112),(39,120),(39,121),(39,118),(39,119),(39,117),(40,124),(40,123),(40,125),(40,122),(40,126),(41,127),(41,128),(41,131),(41,130),(41,129),(42,132),(42,136),(42,135),(42,134),(42,133),(43,141),(43,138),(43,137),(43,139),(43,140),(44,145),(44,146),(44,142),(44,143),(44,144),(45,151),(45,150),(45,148),(45,147),(45,149),(46,154),(46,153),(46,155),(46,156),(46,152),(47,160),(47,157),(47,159),(47,158),(47,161),(48,163),(48,162),(48,165),(48,166),(48,164),(49,169),(49,171),(49,168),(49,167),(49,170),(50,174),(50,173),(50,175),(50,176),(50,172),(51,180),(51,181),(51,179),(51,178),(51,177),(52,182),(52,186),(52,183),(52,185),(52,184),(53,188),(53,190),(53,191),(53,189),(53,187),(54,193),(54,195),(54,192),(54,194),(55,196),(55,199),(55,197),(55,198),(56,203),(56,202),(56,200),(56,201),(57,204),(57,206),(57,207),(57,205),(58,208),(59,210),(59,209),(60,212),(60,211),(61,214),(61,213),(62,216),(62,215),(63,218),(63,217),(64,220),(64,219),(64,222),(64,221),(65,223),(65,224),(66,226),(66,225),(67,229),(67,230),(67,227),(67,228),(68,232),(68,231),(68,233),(69,234),(69,235),(70,236),(71,238),(71,242),(71,240),(71,239),(71,241),(71,243),(71,237),(72,244),(73,246),(73,248),(73,245),(73,247),(74,249),(74,251),(74,250),(74,253),(74,252),(75,254),(75,255),(75,257),(75,256),(76,258),(76,259),(76,260),(76,261),(77,264),(77,265),(77,263),(77,262),(78,266),(78,267),(79,271),(79,269),(79,268),(79,270),(80,272),(80,273),(81,275),(336,1016),(82,279),(82,276),(82,277),(82,278),(82,280),(83,864),(83,282),(84,283),(85,285),(85,284),(86,287),(86,286),(87,289),(87,288),(87,290),(86,291),(88,294),(88,293),(88,292),(88,295),(89,297),(89,296),(89,299),(89,298),(90,303),(90,302),(90,300),(90,301),(91,306),(91,304),(91,307),(91,305),(92,311),(92,312),(92,309),(92,308),(92,310),(93,313),(93,314),(94,315),(94,316),(95,322),(95,317),(95,320),(95,321),(95,319),(95,318),(96,324),(96,323),(97,326),(97,325),(98,327),(98,328),(99,329),(100,331),(100,333),(100,330),(100,334),(100,332),(101,336),(101,337),(101,339),(101,338),(101,335),(102,340),(103,343),(103,854),(103,341),(103,342),(104,344),(104,347),(104,345),(104,346),(105,349),(105,348),(105,351),(105,350),(112,373),(112,372),(111,371),(111,370),(111,369),(110,366),(110,368),(110,367),(109,364),(109,363),(109,365),(112,374),(113,375),(115,380),(115,378),(115,379),(116,382),(116,381),(116,383),(117,384),(117,385),(118,386),(118,387),(119,389),(119,390),(119,388),(120,391),(121,392),(121,393),(122,395),(122,396),(123,397),(124,400),(124,399),(124,398),(124,401),(125,1079),(126,403),(127,405),(127,404),(127,406),(128,409),(128,407),(128,408),(129,410),(129,411),(129,412),(130,415),(130,414),(130,413),(131,416),(131,418),(131,417),(132,419),(132,421),(132,420),(133,422),(133,423),(133,424),(133,425),(134,902),(134,429),(134,427),(134,428),(134,426),(134,430),(135,434),(135,435),(135,431),(135,433),(135,432),(135,436),(136,917),(136,438),(136,440),(136,439),(136,437),(136,441),(137,443),(137,444),(137,442),(137,446),(137,445),(137,447),(138,1013),(138,448),(138,449),(138,450),(139,452),(139,451),(140,456),(140,455),(140,453),(140,454),(141,459),(141,457),(141,1006),(141,458),(142,461),(142,462),(142,460),(142,463),(143,466),(143,464),(143,467),(143,465),(144,469),(144,471),(144,470),(144,468),(145,475),(145,473),(145,472),(145,474),(146,477),(146,479),(146,476),(146,478),(147,483),(147,480),(147,482),(147,481),(148,485),(148,486),(148,487),(148,484),(149,489),(149,491),(149,488),(149,490),(150,493),(150,495),(150,492),(150,494),(151,496),(151,497),(151,498),(151,918),(152,500),(152,501),(152,499),(152,502),(153,503),(153,505),(153,506),(153,504),(154,507),(154,509),(154,510),(154,508),(155,513),(155,512),(155,511),(156,514),(156,516),(156,515),(157,518),(157,520),(157,517),(157,519),(158,521),(158,523),(158,522),(159,525),(159,524),(160,528),(160,529),(160,949),(160,527),(160,526),(161,530),(161,531),(161,534),(161,532),(161,535),(161,533),(162,539),(162,536),(162,538),(162,537),(163,541),(163,540),(163,543),(163,544),(163,542),(164,545),(164,546),(165,547),(165,548),(166,549),(166,936),(167,551),(167,550),(168,552),(168,554),(168,553),(168,937),(169,556),(169,555),(170,558),(170,557),(171,559),(171,560),(172,562),(172,561),(173,1011),(173,1012),(174,564),(174,563),(175,568),(175,566),(175,565),(175,567),(176,570),(176,569),(176,571),(177,573),(177,575),(177,572),(177,574),(178,576),(178,577),(178,935),(179,579),(179,578),(180,582),(180,581),(180,580),(180,583),(182,590),(182,589),(182,588),(182,980),(183,593),(183,592),(183,591),(183,594),(184,595),(185,596),(186,597),(186,598),(187,599),(187,600),(188,602),(188,605),(188,603),(188,601),(188,604),(189,610),(189,607),(189,609),(189,608),(189,606),(190,612),(190,611),(191,1004),(191,1005),(192,614),(192,613),(193,1007),(193,1008),(194,615),(194,1010),(195,616),(195,617),(196,618),(196,619),(197,620),(197,865),(198,625),(198,622),(198,623),(198,621),(198,624),(199,626),(199,629),(199,628),(199,627),(200,632),(200,630),(200,631),(201,633),(201,635),(201,634),(202,636),(202,637),(203,640),(203,639),(203,641),(203,638),(204,642),(204,643),(205,895),(205,644),(205,645),(205,646),(206,647),(206,648),(207,649),(208,651),(208,650),(209,654),(209,653),(209,652),(210,999),(210,1001),(210,995),(211,1000),(211,1002),(211,996),(212,656),(212,655),(213,657),(213,658),(214,981),(214,880),(215,940),(216,659),(217,660),(218,661),(218,662),(219,941),(219,663),(220,665),(220,664),(221,666),(221,667),(222,668),(223,930),(223,669),(224,670),(225,672),(225,673),(225,671),(226,675),(226,674),(227,676),(227,677),(228,938),(228,678),(229,682),(229,679),(229,680),(229,681),(230,857),(230,885),(230,931),(230,881),(231,858),(231,886),(231,932),(231,882),(232,859),(232,887),(232,933),(232,883),(233,683),(233,685),(233,686),(233,684),(233,962),(234,687),(234,688),(234,689),(234,691),(234,690),(235,693),(235,692),(236,944),(236,694),(237,695),(238,697),(238,696),(239,698),(240,700),(240,699),(241,992),(241,876),(242,701),(242,702),(243,884),(243,888),(244,704),(244,706),(244,705),(244,703),(245,1009),(245,707),(246,710),(246,708),(246,709),(247,711),(247,1014),(248,712),(248,713),(249,714),(249,715),(250,717),(250,716),(251,718),(252,721),(252,993),(252,720),(252,719),(253,977),(253,994),(253,976),(253,1003),(254,726),(254,722),(254,982),(254,728),(254,725),(254,723),(254,727),(254,724),(255,950),(255,983),(255,968),(255,958),(255,954),(255,945),(255,964),(255,972),(256,951),(256,984),(256,969),(256,959),(256,955),(256,946),(256,965),(256,973),(257,952),(257,985),(257,970),(257,960),(257,956),(257,947),(257,966),(257,974),(258,953),(258,986),(258,971),(258,961),(258,957),(258,948),(258,967),(258,975),(259,729),(260,730),(261,731),(262,732),(263,734),(263,733),(264,934),(264,939),(265,736),(265,735),(266,738),(266,737),(267,740),(267,739),(268,745),(268,743),(268,742),(268,741),(268,744),(269,889),(269,911),(269,896),(269,869),(269,905),(270,890),(270,912),(270,897),(270,870),(270,906),(271,891),(271,913),(271,898),(271,871),(271,907),(272,892),(272,914),(272,899),(272,872),(272,908),(273,893),(273,915),(273,900),(273,873),(273,909),(274,894),(274,916),(274,901),(274,874),(274,910),(275,747),(275,746),(276,748),(276,749),(277,866),(277,877),(278,867),(278,878),(279,868),(279,879),(280,751),(280,750),(281,752),(281,753),(282,754),(282,755),(283,756),(283,757),(284,758),(284,759),(285,997),(285,998),(286,761),(286,760),(287,762),(287,763),(288,765),(288,764),(288,766),(289,767),(289,768),(290,770),(290,769),(291,771),(292,772),(292,773),(293,922),(293,774),(294,921),(294,923),(295,776),(295,775),(296,920),(296,924),(297,1081),(297,1080),(298,780),(298,779),(298,781),(299,903),(299,928),(299,850),(300,904),(300,929),(300,851),(301,785),(301,782),(301,784),(301,783),(302,787),(302,786),(303,856),(303,860),(304,789),(304,788),(305,862),(305,863),(306,791),(306,790),(307,792),(307,793),(308,795),(308,794),(309,797),(309,798),(309,799),(309,800),(309,796),(310,801),(310,802),(311,853),(311,861),(312,804),(312,803),(313,852),(313,855),(314,806),(314,805),(315,807),(315,987),(316,809),(316,808),(316,810),(317,919),(317,811),(318,875),(318,812),(319,813),(319,814),(320,816),(320,815),(320,925),(321,990),(321,988),(321,926),(322,991),(322,989),(322,927),(323,817),(323,818),(324,819),(324,820),(325,942),(325,978),(326,943),(326,979),(327,821),(327,822),(328,824),(328,823),(329,832),(329,830),(329,831),(329,829),(329,833),(330,834),(331,836),(331,835),(332,837),(332,838),(332,963),(332,839),(333,842),(333,841),(333,840),(334,846),(334,843),(334,845),(334,844),(335,847),(335,849),(335,848),(336,164),(336,1015),(337,1018),(337,1017),(338,1019),(339,1021),(339,1020),(340,1022),(340,1023),(341,1024),(341,1025),(342,1026),(343,1027),(344,1028),(345,1029),(346,1030),(347,1031),(348,1032),(349,1033),(350,1034),(350,1037),(350,1035),(350,1036),(351,1038),(351,1039),(352,1040),(352,1043),(352,1041),(352,1042),(353,1045),(353,1044),(353,1046),(354,1049),(354,1047),(354,1048),(355,1051),(355,1050),(356,1052),(356,1053),(357,1055),(357,1054),(358,1056),(358,1057),(358,1059),(358,1058),(359,1061),(359,1060),(360,1062),(360,1063),(361,1064),(362,1065),(363,1066),(364,1067),(364,1068),(364,1069),(365,1070),(365,1071),(366,1072),(367,1073),(368,1076),(368,1074),(368,1075),(368,1078),(368,1077),(369,1083),(369,1085),(369,1084),(369,1082),(370,1090),(370,1087),(370,1086),(370,1088),(370,1089),(371,1092),(371,1091),(372,1095),(372,1093),(372,1096),(372,1094),(373,1097),(373,1100),(373,1098),(373,1099),(374,1101),(374,1103),(374,1102),(374,1104),(375,1105),(375,1108),(375,1107),(375,1106),(376,1112),(376,1111),(376,1110),(376,1109),(377,1115),(377,1114),(377,1116),(377,1113),(378,1117),(378,1119),(378,1120),(378,1118),(379,1122),(379,1121),(379,1123),(380,1127),(380,1126),(380,1125),(380,1124),(381,1130),(381,1128),(381,1129),(381,1131),(382,1133),(382,1134),(382,1135),(382,1136),(382,1132),(383,1138),(383,1139),(383,1140),(383,1137),(384,1142),(384,1144),(384,1143),(384,1141),(385,1148),(385,1145),(385,1147),(385,1146),(386,1149),(386,1152),(386,1151),(386,1150),(387,1153),(387,1156),(387,1154),(387,1155),(388,1159),(388,1157),(388,1160),(388,1158),(389,1161),(389,1164),(389,1162),(389,1163),(390,1165),(390,1167),(390,1168),(390,1166),(391,1169),(391,1170),(391,1171),(391,1172),(392,1175),(392,1176),(392,1174),(392,1173),(393,1180),(393,1178),(393,1179),(393,1177),(394,1184),(394,1181),(394,1183),(394,1182),(395,1188),(395,1185),(395,1187),(395,1186),(396,1189),(396,1191),(396,1190),(396,1192),(397,1194),(397,1193),(398,1196),(398,1195),(399,1197),(399,1198),(399,1199),(400,1200),(401,1202),(401,1201),(402,1203),(402,1204),(403,1205),(404,1206),(405,1208),(405,1210),(405,1209),(405,1207),(406,1212),(406,1213),(406,1214),(406,1211),(407,1215),(407,1218),(407,1216),(407,1217),(408,1219),(408,1222),(408,1220),(408,1221),(409,1223),(409,1224),(409,1225),(410,1227),(410,1226),(410,1228),(411,1232),(411,1230),(411,1229),(411,1231),(412,1235),(412,1236),(412,1234),(412,1233),(413,1239),(413,1240),(413,1237),(413,1238),(414,1244),(414,1241),(414,1242),(414,1243),(415,1245),(416,1246),(416,1247),(416,1248),(417,1251),(417,1250),(417,1249),(418,1252),(418,1255),(418,1254),(418,1253),(419,1258),(419,1259),(419,1256),(419,1257),(420,1260),(420,1262),(420,1263),(420,1261),(421,1266),(421,1264),(421,1267),(421,1265),(422,1268),(422,1269),(423,1273),(423,1272),(423,1271),(423,1270),(423,1274),(424,1275),(424,1276),(424,1279),(424,1277),(424,1278),(425,1283),(425,1281),(425,1282),(425,1284),(425,1280),(426,1288),(426,1289),(426,1285),(426,1286),(426,1287),(427,1291),(427,1290),(427,1293),(427,1294),(427,1292),(428,1296),(428,1295),(428,1299),(428,1298),(428,1297),(429,1302),(429,1301),(429,1300),(429,1304),(429,1303),(430,1306),(430,1308),(430,1309),(430,1305),(430,1307),(431,1312),(431,1314),(431,1313),(431,1311),(431,1310),(432,1318),(432,1317),(432,1316),(432,1315),(432,1319),(433,1324),(433,1320),(433,1323),(433,1322),(433,1321),(434,1328),(434,1327),(434,1325),(434,1326),(434,1329),(435,1330),(435,1332),(435,1331),(436,1335),(436,1334),(436,1336),(436,1333),(437,1338),(437,1337),(437,1339),(437,1340),(438,1344),(438,1343),(438,1345),(438,1342),(438,1341),(439,1346),(439,1347),(439,1348),(439,1349),(440,1351),(440,1350),(441,1353),(441,1355),(441,1352),(441,1354),(442,1358),(442,1357),(442,1356),(442,1359);
/*!40000 ALTER TABLE `question_choice` ENABLE KEYS */;
UNLOCK TABLES;

--
-- Table structure for table `question_reference`
--

DROP TABLE IF EXISTS `question_reference`;
/*!40101 SET @saved_cs_client     = @@character_set_client */;
/*!40101 SET character_set_client = utf8 */;
CREATE TABLE `question_reference` (
  `question_id` bigint(20) NOT NULL,
  `reference_id` bigint(20) NOT NULL,
  KEY `question_id` (`question_id`),
  KEY `reference_id` (`reference_id`)
) ENGINE=MyISAM DEFAULT CHARSET=latin1;
/*!40101 SET character_set_client = @saved_cs_client */;

--
-- Dumping data for table `question_reference`
--

LOCK TABLES `question_reference` WRITE;
/*!40000 ALTER TABLE `question_reference` DISABLE KEYS */;
INSERT INTO `question_reference` VALUES (1,1),(3,2),(4,3),(4,5),(4,6),(4,4),(5,7),(6,8),(8,9),(12,10),(27,11),(28,12),(32,16),(32,17),(32,13),(32,14),(32,15),(33,18),(53,20),(53,19),(52,21),(44,23),(44,22),(38,24),(36,25),(36,26),(40,27),(40,28),(42,29),(43,30),(45,31),(50,32),(50,33),(37,34),(54,35),(55,35),(56,35),(57,35),(58,35),(59,36),(60,36),(61,36),(62,36),(66,37),(74,38),(75,39),(76,40),(77,41),(79,42),(155,43),(156,43),(160,44),(162,45),(163,46),(166,46),(180,47),(182,48),(183,48),(184,48),(185,48),(186,48),(187,48),(188,48),(189,48),(190,48),(191,48),(198,49),(199,49),(200,49),(202,50),(204,50),(208,51),(210,51),(211,51),(212,51),(213,51),(214,51),(215,51),(216,51),(217,51),(218,51),(219,51),(220,51),(221,51),(222,52),(223,52),(224,52),(225,53),(226,53),(227,53),(228,53),(229,54),(230,54),(231,54),(232,54),(233,54),(234,54),(235,54),(236,54),(237,55),(238,55),(239,55),(240,55),(241,55),(242,55),(243,55),(244,55),(245,55),(246,56),(247,56),(248,56),(249,56),(250,56),(251,56),(252,57),(253,57),(254,57),(255,57),(256,57),(257,57),(258,57),(259,57),(260,57),(261,57),(262,57),(263,58),(264,58),(265,58),(266,58),(267,58),(199,59),(268,59),(269,59),(270,59),(271,59),(272,59),(273,59),(274,59),(275,60),(276,61),(277,61),(278,61),(279,61),(280,62),(281,62),(282,62),(283,62),(284,62),(285,62),(286,62),(287,62),(288,62),(289,62),(290,63),(291,63),(292,64),(293,64),(294,64),(295,64),(296,64),(297,65),(298,65),(299,65),(300,65),(301,66),(302,67),(303,67),(304,67),(305,67),(306,67),(307,67),(308,67),(309,67),(310,68),(311,69),(312,70),(313,70),(314,70),(315,70),(316,70),(317,71),(318,72),(319,72),(320,69),(321,69),(322,69),(323,72),(324,69),(325,69),(326,69),(327,69),(328,69),(329,73),(330,74),(331,74),(332,75),(333,75),(334,75),(335,75),(336,76),(337,77),(338,78),(339,78),(340,78),(341,78),(342,78),(343,78),(344,78),(345,78),(346,78),(347,78),(348,78),(349,78),(350,78),(351,79),(352,80),(353,80),(354,80),(355,81),(356,81),(357,81),(358,82),(359,81),(360,81),(361,82),(362,82),(363,82),(364,82),(365,82),(366,82),(367,82),(368,83),(369,84),(370,85),(370,84),(371,84),(372,84),(373,84),(374,84),(375,84),(376,84),(377,84),(378,84),(379,86),(380,84),(381,87),(381,86),(382,88),(383,89),(384,90),(385,90),(386,90),(387,90),(388,90),(389,90),(390,90),(391,90),(392,91),(393,91),(394,91),(395,91),(396,91),(397,92),(398,93),(399,93),(400,92),(400,87),(401,91),(402,91),(403,91),(404,91),(405,91),(406,91),(407,91),(408,91),(409,91),(410,91),(411,86),(412,86),(413,94),(414,95),(415,87),(416,95),(417,95),(418,96),(419,96),(420,96),(421,96),(422,97),(423,97),(424,97),(425,97),(426,97),(427,97),(428,97),(429,97),(430,97),(431,97),(432,97),(433,97),(434,97),(435,93),(436,93),(172,98),(437,99),(438,87),(439,87),(440,87);
/*!40000 ALTER TABLE `question_reference` ENABLE KEYS */;
UNLOCK TABLES;

--
-- Table structure for table `question_topic`
--

DROP TABLE IF EXISTS `question_topic`;
/*!40101 SET @saved_cs_client     = @@character_set_client */;
/*!40101 SET character_set_client = utf8 */;
CREATE TABLE `question_topic` (
  `question_id` bigint(20) NOT NULL,
  `topic_id` bigint(20) NOT NULL,
  KEY `question_id` (`question_id`),
  KEY `topic_id` (`topic_id`)
) ENGINE=MyISAM DEFAULT CHARSET=latin1;
/*!40101 SET character_set_client = @saved_cs_client */;

--
-- Dumping data for table `question_topic`
--

LOCK TABLES `question_topic` WRITE;
/*!40000 ALTER TABLE `question_topic` DISABLE KEYS */;
INSERT INTO `question_topic` VALUES (1,1),(2,4),(2,1),(3,3),(3,1),(4,1),(5,5),(5,1),(6,6),(6,7),(6,5),(7,8),(7,1),(8,9),(9,10),(9,11),(9,12),(10,10),(10,11),(10,12),(11,10),(11,11),(11,12),(12,10),(12,11),(12,12),(13,10),(13,11),(13,12),(14,10),(14,11),(14,12),(15,10),(15,11),(15,12),(16,10),(16,11),(16,12),(17,10),(17,11),(17,12),(18,10),(18,11),(18,12),(19,10),(19,11),(19,12),(20,10),(20,11),(20,12),(21,10),(21,11),(21,12),(22,10),(22,11),(22,12),(23,10),(23,11),(23,12),(24,10),(24,11),(24,12),(25,10),(25,11),(25,12),(26,10),(26,11),(26,12),(27,13),(28,13),(29,13),(30,13),(31,13),(32,13),(33,13),(34,13),(35,13),(36,13),(37,13),(38,13),(39,13),(40,13),(41,13),(42,13),(43,13),(44,13),(45,13),(46,13),(47,13),(48,13),(49,13),(50,13),(51,13),(52,13),(53,13),(54,15),(54,14),(55,15),(55,14),(56,15),(56,14),(57,15),(57,14),(58,15),(58,14),(59,16),(60,16),(61,16),(61,17),(62,16),(62,17),(63,10),(63,11),(63,12),(64,10),(64,11),(64,12),(65,10),(65,11),(65,12),(66,16),(66,17),(67,18),(68,21),(68,19),(68,20),(69,21),(69,19),(69,20),(70,21),(70,19),(70,20),(71,21),(71,19),(71,20),(72,21),(72,19),(72,20),(73,21),(73,19),(73,20),(74,21),(74,19),(74,20),(75,21),(75,19),(75,20),(75,43),(76,21),(76,43),(76,19),(76,20),(77,21),(77,43),(77,19),(77,20),(78,21),(78,19),(78,43),(78,20),(79,21),(79,19),(79,43),(79,20),(80,60),(81,21),(81,19),(81,20),(82,21),(82,19),(82,20),(83,21),(83,19),(83,20),(84,21),(84,19),(84,20),(85,21),(85,19),(85,20),(86,21),(86,78),(86,19),(86,20),(87,21),(87,43),(87,19),(87,20),(88,21),(88,78),(88,19),(88,20),(89,21),(89,78),(89,19),(89,20),(90,21),(90,78),(90,19),(90,20),(91,21),(91,78),(91,19),(91,20),(92,21),(92,104),(92,19),(92,20),(93,21),(93,104),(93,19),(93,20),(94,21),(94,104),(94,19),(94,20),(95,116),(95,21),(95,19),(95,20),(96,116),(96,21),(96,19),(96,20),(97,116),(97,21),(97,19),(97,20),(98,116),(98,21),(98,19),(98,20),(99,21),(99,19),(99,130),(99,20),(100,116),(100,21),(100,19),(100,20),(101,116),(101,21),(101,19),(101,20),(102,21),(102,19),(102,130),(102,20),(103,141),(103,21),(103,19),(103,20),(104,141),(104,21),(104,19),(104,20),(105,141),(105,21),(105,19),(105,20),(111,20),(111,19),(111,21),(111,141),(110,20),(110,104),(110,19),(110,21),(110,141),(109,20),(109,19),(109,21),(109,141),(112,141),(112,21),(112,19),(112,20),(113,141),(113,21),(113,19),(113,20),(74,142),(115,143),(115,21),(115,19),(115,20),(116,143),(116,21),(116,19),(116,20),(117,143),(117,21),(117,19),(117,20),(118,143),(118,21),(118,19),(118,20),(119,21),(119,19),(119,104),(119,20),(120,21),(120,19),(120,130),(120,20),(121,21),(121,19),(121,130),(121,20),(122,116),(122,21),(122,19),(122,20),(123,116),(123,21),(123,19),(123,20),(124,141),(124,19),(124,20),(124,144),(125,141),(125,19),(125,20),(125,144),(126,141),(126,19),(126,20),(126,144),(127,141),(127,19),(127,20),(127,144),(128,141),(128,19),(128,20),(128,144),(129,141),(129,19),(129,20),(129,144),(130,141),(130,19),(130,20),(130,144),(131,141),(131,19),(131,20),(131,144),(132,19),(132,145),(132,141),(132,20),(133,19),(133,145),(133,141),(133,20),(134,141),(134,19),(134,145),(134,20),(134,146),(135,141),(135,19),(135,145),(135,146),(135,20),(136,141),(136,19),(136,145),(136,20),(136,146),(137,141),(137,19),(137,145),(137,146),(137,20),(138,141),(138,19),(138,147),(138,145),(138,20),(139,141),(139,19),(139,147),(139,145),(139,20),(140,141),(140,19),(140,147),(140,145),(140,20),(141,141),(141,19),(141,147),(141,145),(141,20),(142,19),(142,116),(142,20),(143,21),(143,19),(143,104),(143,20),(144,19),(144,130),(144,141),(144,20),(145,141),(145,19),(145,145),(145,146),(145,20),(146,141),(146,21),(146,19),(146,20),(147,19),(147,20),(147,144),(148,19),(148,141),(148,20),(149,141),(149,21),(149,19),(149,20),(150,19),(150,116),(150,141),(150,20),(151,142),(151,21),(151,19),(151,20),(152,21),(152,19),(152,130),(152,20),(153,141),(153,21),(153,19),(153,20),(154,141),(154,148),(154,21),(154,19),(154,20),(155,19),(155,149),(156,19),(156,149),(156,150),(157,19),(157,149),(157,150),(158,19),(158,149),(158,150),(159,19),(159,149),(159,150),(160,19),(160,149),(160,150),(161,19),(161,149),(161,150),(162,19),(162,149),(162,150),(163,149),(163,151),(163,150),(163,19),(164,19),(164,149),(164,150),(165,149),(165,152),(165,150),(165,19),(166,149),(166,152),(166,150),(166,19),(167,149),(167,153),(167,150),(167,19),(164,152),(168,19),(168,154),(169,19),(169,154),(169,155),(170,19),(170,154),(170,155),(171,19),(171,154),(171,155),(172,19),(172,154),(172,155),(173,19),(173,154),(173,155),(174,19),(174,154),(174,155),(175,19),(175,154),(175,155),(176,19),(176,154),(176,155),(177,19),(177,154),(177,155),(178,19),(178,154),(178,155),(179,19),(179,154),(179,155),(180,19),(180,154),(180,155),(182,155),(182,154),(182,19),(183,19),(183,154),(183,155),(184,19),(184,154),(184,155),(185,19),(185,154),(185,155),(186,19),(186,154),(186,155),(187,19),(187,154),(187,155),(188,154),(188,155),(188,19),(188,156),(189,154),(189,155),(189,19),(189,156),(190,19),(190,154),(190,155),(191,19),(191,154),(191,155),(192,154),(192,155),(192,19),(192,156),(193,154),(193,155),(193,19),(193,156),(194,154),(194,155),(194,19),(194,156),(195,154),(195,155),(195,19),(195,157),(196,19),(196,154),(196,155),(197,19),(197,154),(197,155),(198,154),(198,155),(198,19),(198,156),(199,154),(199,155),(199,19),(199,156),(200,154),(200,155),(200,19),(200,156),(201,19),(201,154),(201,155),(202,19),(202,154),(202,155),(203,19),(203,154),(203,155),(204,19),(204,154),(204,155),(205,19),(205,154),(205,155),(206,19),(206,154),(206,155),(207,19),(207,154),(207,155),(208,19),(208,154),(208,155),(209,154),(209,158),(209,155),(209,19),(210,154),(210,158),(210,155),(210,19),(211,154),(211,158),(211,155),(211,19),(212,154),(212,158),(212,155),(212,19),(213,154),(213,155),(213,158),(213,19),(213,157),(214,154),(214,155),(214,158),(214,19),(214,157),(215,154),(215,158),(215,155),(215,19),(216,154),(216,158),(216,155),(216,19),(217,154),(217,158),(217,155),(217,19),(218,154),(218,158),(218,155),(218,19),(219,154),(219,158),(219,155),(219,19),(220,154),(220,158),(220,155),(220,19),(221,154),(221,158),(221,155),(221,19),(222,19),(222,154),(222,155),(223,19),(223,154),(223,155),(224,19),(224,154),(224,155),(225,19),(225,154),(225,155),(226,19),(226,154),(226,155),(227,154),(227,158),(227,155),(227,19),(228,154),(228,158),(228,155),(228,19),(229,154),(229,159),(229,155),(229,19),(230,154),(230,155),(230,159),(230,19),(231,154),(231,159),(231,155),(231,19),(232,154),(232,155),(232,159),(232,19),(233,154),(233,159),(233,155),(233,19),(234,154),(234,159),(234,155),(234,19),(235,154),(235,159),(235,155),(235,19),(236,154),(236,159),(236,155),(236,19),(237,154),(237,159),(237,155),(237,19),(238,154),(238,159),(238,155),(238,19),(239,154),(239,159),(239,155),(239,19),(240,154),(240,159),(240,155),(240,19),(241,154),(241,155),(241,159),(241,19),(242,154),(242,159),(242,155),(242,19),(243,154),(243,155),(243,159),(243,19),(244,154),(244,159),(244,155),(244,19),(245,154),(245,159),(245,155),(245,19),(246,154),(246,159),(246,155),(246,19),(247,154),(247,159),(247,155),(247,19),(248,154),(248,159),(248,155),(248,19),(249,154),(249,159),(249,155),(249,19),(250,154),(250,159),(250,155),(250,19),(251,154),(251,159),(251,155),(251,19),(252,154),(252,159),(252,155),(252,19),(253,154),(253,155),(253,159),(253,19),(254,154),(254,159),(254,155),(254,19),(255,154),(255,155),(255,159),(255,19),(256,154),(256,159),(256,155),(256,19),(257,154),(257,155),(257,159),(257,19),(258,154),(258,159),(258,155),(258,19),(259,154),(259,159),(259,155),(259,19),(260,154),(260,159),(260,155),(260,19),(261,154),(261,159),(261,155),(261,19),(262,154),(262,159),(262,155),(262,19),(263,154),(263,159),(263,155),(263,19),(264,154),(264,155),(264,159),(264,19),(265,154),(265,159),(265,155),(265,19),(266,154),(266,159),(266,155),(266,19),(267,154),(267,159),(267,155),(267,19),(268,154),(268,155),(268,19),(268,156),(269,154),(269,155),(269,19),(269,156),(270,154),(270,155),(270,19),(270,156),(271,154),(271,155),(271,19),(271,156),(272,154),(272,155),(272,19),(272,156),(273,154),(273,155),(273,19),(273,156),(274,154),(274,155),(274,19),(274,156),(275,154),(275,155),(275,19),(275,156),(276,154),(276,155),(276,19),(276,156),(277,154),(277,155),(277,19),(277,156),(278,154),(278,155),(278,19),(278,156),(279,154),(279,155),(279,19),(279,156),(280,154),(280,155),(280,158),(280,19),(280,156),(281,154),(281,155),(281,158),(281,19),(281,156),(282,154),(282,155),(282,158),(282,19),(282,156),(283,154),(283,155),(283,158),(283,19),(283,156),(284,154),(284,160),(284,155),(284,19),(284,156),(285,154),(285,160),(285,155),(285,19),(285,156),(286,154),(286,155),(286,158),(286,19),(286,156),(287,154),(287,160),(287,155),(287,158),(287,19),(287,156),(288,154),(288,160),(288,155),(288,158),(288,19),(288,156),(289,154),(289,160),(289,155),(289,158),(289,19),(289,156),(290,154),(290,155),(290,158),(290,19),(290,156),(291,154),(291,155),(291,158),(291,19),(291,156),(292,154),(292,155),(292,19),(292,156),(293,154),(293,155),(293,19),(293,156),(294,154),(294,155),(294,19),(294,156),(295,154),(295,155),(295,19),(295,156),(296,154),(296,155),(296,19),(296,156),(297,154),(297,155),(297,158),(297,19),(297,156),(298,154),(298,155),(298,19),(298,157),(299,154),(299,155),(299,19),(299,157),(300,154),(300,155),(300,19),(300,157),(301,154),(301,155),(301,19),(301,157),(302,154),(302,155),(302,19),(302,157),(303,154),(303,155),(303,19),(303,157),(304,154),(304,155),(304,19),(304,157),(305,154),(305,155),(305,19),(305,157),(306,154),(306,155),(306,19),(306,157),(307,154),(307,155),(307,19),(307,157),(308,154),(308,155),(308,19),(308,157),(309,154),(309,155),(309,19),(309,157),(186,157),(187,157),(310,19),(310,154),(310,161),(310,155),(311,154),(311,158),(311,155),(311,19),(312,19),(312,154),(312,161),(312,155),(313,19),(313,154),(313,161),(313,155),(204,161),(206,161),(208,161),(208,158),(314,154),(314,155),(314,19),(314,157),(315,154),(315,155),(315,19),(315,157),(316,154),(316,155),(316,19),(316,162),(317,154),(317,155),(317,19),(317,162),(318,154),(318,155),(318,19),(318,162),(319,154),(319,155),(319,19),(319,162),(320,19),(320,154),(320,161),(320,155),(321,154),(321,158),(321,155),(321,19),(322,19),(322,154),(322,155),(323,154),(323,155),(323,19),(323,161),(323,162),(324,154),(324,155),(324,19),(324,161),(324,162),(325,154),(325,155),(325,19),(325,161),(325,162),(326,154),(326,155),(326,19),(326,161),(326,162),(327,154),(327,155),(327,19),(327,161),(327,162),(328,154),(328,155),(328,19),(328,162),(329,163),(329,154),(329,155),(329,19),(330,163),(330,154),(330,155),(330,19),(331,163),(331,154),(331,155),(331,19),(332,19),(332,154),(332,155),(333,163),(333,154),(333,155),(333,19),(334,154),(334,155),(334,19),(334,162),(335,154),(335,155),(335,19),(335,162),(336,19),(336,164),(336,155),(337,19),(337,164),(337,155),(337,165),(338,19),(338,164),(338,155),(338,165),(336,165),(339,19),(339,164),(339,155),(339,165),(340,19),(340,164),(340,155),(340,165),(341,19),(341,164),(341,155),(341,165),(342,19),(342,164),(342,155),(342,165),(343,19),(343,164),(343,155),(343,165),(344,19),(344,164),(344,155),(344,165),(345,19),(345,164),(345,155),(345,165),(346,19),(346,164),(346,155),(346,165),(347,19),(347,164),(347,155),(347,165),(348,19),(348,164),(348,155),(348,165),(349,19),(349,164),(349,155),(349,165),(350,19),(350,164),(350,155),(350,165),(351,19),(351,164),(351,155),(351,165),(352,166),(352,167),(352,168),(352,19),(353,166),(353,167),(353,168),(353,19),(354,166),(354,167),(354,168),(354,19),(355,19),(355,167),(355,169),(355,168),(356,19),(356,167),(356,169),(356,168),(357,19),(357,167),(357,169),(357,168),(358,19),(358,167),(358,170),(358,168),(359,19),(359,167),(359,170),(359,168),(360,19),(360,167),(360,170),(360,168),(361,19),(361,167),(361,170),(361,168),(362,19),(362,167),(362,170),(362,168),(363,19),(363,167),(363,170),(363,168),(364,19),(364,167),(364,170),(364,168),(365,19),(365,167),(365,170),(365,168),(366,19),(366,167),(366,170),(366,168),(367,19),(367,167),(367,170),(367,168),(368,163),(368,154),(368,155),(368,19),(369,19),(369,171),(369,145),(369,20),(370,78),(370,19),(370,171),(370,145),(370,20),(371,19),(371,171),(371,145),(371,20),(372,19),(372,171),(372,145),(372,20),(373,19),(373,171),(373,145),(373,20),(374,19),(374,171),(374,145),(374,20),(375,19),(375,171),(375,145),(375,20),(376,19),(376,171),(376,145),(376,20),(377,19),(377,171),(377,145),(377,20),(378,19),(378,171),(378,145),(378,20),(379,19),(379,172),(379,173),(379,165),(380,19),(380,171),(380,145),(380,20),(381,174),(381,19),(381,172),(381,165),(382,19),(382,172),(382,165),(382,175),(383,19),(383,172),(383,165),(383,175),(384,177),(384,19),(384,176),(384,165),(385,177),(385,19),(385,176),(385,165),(386,177),(386,19),(386,176),(386,165),(387,177),(387,19),(387,176),(387,165),(388,177),(388,19),(388,176),(388,165),(389,177),(389,19),(389,176),(389,165),(390,177),(390,19),(390,176),(390,165),(391,177),(391,19),(391,176),(391,165),(392,19),(392,176),(392,178),(392,165),(393,19),(393,176),(393,165),(393,178),(394,19),(394,176),(394,178),(394,165),(395,19),(395,176),(395,165),(395,178),(396,19),(396,176),(396,178),(396,165),(397,19),(397,176),(397,178),(397,165),(398,19),(398,176),(398,178),(398,165),(399,19),(399,176),(399,178),(399,165),(400,19),(400,176),(400,178),(400,165),(401,19),(401,176),(401,178),(401,165),(402,19),(402,176),(402,165),(402,178),(403,19),(403,176),(403,178),(403,165),(404,19),(404,176),(404,178),(404,165),(405,19),(405,176),(405,178),(405,165),(406,19),(406,176),(406,165),(406,178),(407,19),(407,176),(407,178),(407,165),(408,19),(408,176),(408,165),(408,178),(409,19),(409,176),(409,178),(409,165),(410,19),(410,176),(410,165),(410,178),(411,19),(411,179),(411,176),(411,165),(412,19),(412,179),(412,176),(412,165),(413,19),(413,180),(413,176),(413,165),(414,19),(414,180),(414,176),(414,165),(415,21),(415,19),(415,130),(415,20),(416,19),(416,181),(416,165),(416,176),(417,19),(417,181),(417,165),(417,176),(418,182),(418,19),(418,176),(418,165),(419,182),(419,19),(419,176),(419,165),(420,182),(420,19),(420,176),(420,165),(421,182),(421,19),(421,176),(421,165),(422,182),(422,19),(422,176),(422,165),(423,182),(423,19),(423,176),(423,165),(424,182),(424,19),(424,176),(424,165),(425,182),(425,19),(425,176),(425,165),(426,182),(426,19),(426,176),(426,165),(427,182),(427,19),(427,176),(427,165),(428,182),(428,19),(428,176),(428,165),(429,182),(429,19),(429,176),(429,165),(430,182),(430,19),(430,176),(430,165),(431,182),(431,19),(431,176),(431,165),(432,182),(432,19),(432,176),(432,165),(433,182),(433,19),(433,176),(433,165),(434,182),(434,19),(434,176),(434,165),(435,19),(435,176),(435,178),(435,165),(436,19),(436,176),(436,178),(436,165),(437,116),(437,21),(437,19),(437,20),(438,183),(439,183),(440,183),(441,183),(442,184);
/*!40000 ALTER TABLE `question_topic` ENABLE KEYS */;
UNLOCK TABLES;

--
-- Table structure for table `question_type`
--

DROP TABLE IF EXISTS `question_type`;
/*!40101 SET @saved_cs_client     = @@character_set_client */;
/*!40101 SET character_set_client = utf8 */;
CREATE TABLE `question_type` (
  `id` bigint(20) NOT NULL,
  `text` varchar(100) NOT NULL,
  PRIMARY KEY (`id`)
) ENGINE=MyISAM DEFAULT CHARSET=latin1;
/*!40101 SET character_set_client = @saved_cs_client */;

--
-- Dumping data for table `question_type`
--

LOCK TABLES `question_type` WRITE;
/*!40000 ALTER TABLE `question_type` DISABLE KEYS */;
INSERT INTO `question_type` VALUES (1,'Single'),(2,'Multiple'),(3,'Phrase'),(4,'Sequence'),(5,'Set'),(-1,'all');
/*!40000 ALTER TABLE `question_type` ENABLE KEYS */;
UNLOCK TABLES;

--
-- Table structure for table `reference`
--

DROP TABLE IF EXISTS `reference`;
/*!40101 SET @saved_cs_client     = @@character_set_client */;
/*!40101 SET character_set_client = utf8 */;
CREATE TABLE `reference` (
  `id` bigint(20) NOT NULL AUTO_INCREMENT,
  `text` varchar(100) NOT NULL,
  PRIMARY KEY (`id`)
) ENGINE=MyISAM AUTO_INCREMENT=100 DEFAULT CHARSET=latin1;
/*!40101 SET character_set_client = @saved_cs_client */;

--
-- Dumping data for table `reference`
--

LOCK TABLES `reference` WRITE;
/*!40000 ALTER TABLE `reference` DISABLE KEYS */;
INSERT INTO `reference` VALUES (1,'http://en.wikipedia.org/wiki/Turtle'),(2,'http://bearsoftheworld.net/brown_bears.asp'),(3,'http://en.wikipedia.org/wiki/hippopotamus'),(4,'http://en.wikipedia.org/wiki/goat'),(5,'http://en.wikipedia.org/wiki/elephant'),(6,'http://en.wikipedia.org/wiki/cow'),(7,'http://en.wikipedia.org/wiki/Heterotroph'),(8,'http://en.wikipedia.org/wiki/Photoautotroph'),(9,'a book...'),(10,'http://en.wikipedia.org/wiki/Strike_price'),(11,'He was the 22nd and 24th President, 1885-1889 and 1893-1897.'),(12,'Following the death of Willam Henry Harrison, after one month in office (1841).'),(13,'Many calls were made for George W. Bush\'s impeachment, but nothing ever came of it.'),(14,'Nixon was nearly impeached over the Watergate scandal, but resigned before he could be impeached.'),(15,'Andrew Johnson failed of conviction in the Senate by only one vote.'),(16,'Clinton was impeached over the Monica Lewinsky sex scandal, but not convicted by the Senate.'),(17,'Tyler narrowly escaped impeachment during his term in office.'),(18,'Taft served as President 1909-1913, and as Chief Justice 1921-1930.'),(19,'The oath was administered in Air Force One, shortly after the Kennedy assassination.'),(20,'The woman in question was U.S. District Judge Sarah Hughes.'),(21,'Following Jefferson\'s election, the 12th Amendment was passed to modify Electoral College voting.'),(22,'This was depicted in the movie Air Force One.  The real Air Force One has no such escape capsule.'),(23,'President Clinton is the President that thought the escape capsule was a good idea.'),(24,'Wilson received his doctorate in 1886 from Johns Hopkins University.'),(25,'The only President to break that precedent was Franklin D. Roosevelt, elected to four terms.'),(26,'The precedent was set by George Washington, who stepped down after two terms.'),(27,'The quote is from an early scene at Starfleet Headquarters with Spock and Captain James Kirk.'),(28,'The proverb in question: \'Only Nixon could go to China.\''),(29,'Coolidge was born July 4, 1872.'),(30,'The source of the doggerel was the campaign of Cleveland\'s opponent, James G. Blaine.'),(31,'Though Lynda Johnson and her sister Luci did call it \'The Great White Mausoleum.\''),(32,'Ford was appointed to the Vice-Presidency by Congress after the resignation of Spiro T. Agnew.'),(33,'Ford succeeded to the Presidency upon the resignation of Richard M. Nixon.'),(34,'The amendment\'s title is \'Presidential Succession and Disability.\''),(35,'http://www.w3schools.com/sql/sql_join.asp'),(36,'http://www.investopedia.com/university/technical/techanalysis1.asp'),(37,'TAs consider the past trading data of the security, not its value.'),(38,'oceb fundamental book, chapter 2, p17'),(39,'oceb fundamental book, chapter 2, p18'),(40,'oceb fundamental book, chapter 2, p18'),(41,'oceb fundamental book, chapter 2, p18'),(42,'oceb fundamental book, chapter 2, p18'),(43,'oceb fundamental book, chapter 3, p34'),(44,'oceb fundamental book, chapter 3, p37-38'),(45,'oceb fundamental book, chapter 3, p38'),(46,'oceb fundamental book, chapter 3, p39'),(48,'oceb fundamental book, chapter 6, p80'),(49,'oceb fundamental book, chapter 6, p82'),(50,'oceb fundamental book, chapter 6, p84'),(51,'oceb fundamental book, chapter 6, p88'),(52,'oceb fundamental book, chapter 6, p89'),(53,'oceb fundamental book, chapter 6, p90'),(54,'oceb fundamental book, chapter 6, p92'),(55,'oceb fundamental book, chapter 6, p93'),(56,'oceb fundamental book, chapter 6, p94'),(57,'oceb fundamental book, chapter 6, p95'),(58,'oceb fundamental book, chapter 6, p96'),(59,'oceb fundamental book, chapter 6, p97'),(60,'oceb fundamental book, chapter 6, p98'),(61,'oceb fundamental book, chapter 6, p99'),(62,'oceb fundamental book, chapter 6, p100'),(63,'oceb fundamental book, chapter 6, p101'),(64,'oceb fundamental book, chapter 6, p103'),(65,'oceb fundamental book, chapter 6, p104'),(66,'oceb fundamental book, chapter 6, p106'),(67,'oceb fundamental book, chapter 6, p107'),(68,'oceb fundamental book, chapter 6, p109'),(69,'oceb fundamental book, chapter 6, p113'),(70,'oceb fundamental book, chapter 6, p110'),(71,'oceb fundamental book, chapter 6, p111'),(72,'oceb fundamental book, chapter 6, p112'),(73,'oceb fundamental book, chapter 6, p114'),(74,'oceb fundamental book, chapter 6, p117'),(75,'oceb fundamental book, chapter 6, p118'),(76,'oceb fundamental book, chapter 7, 123'),(77,'oceb fundamental book, chapter 7, p123'),(78,'oceb fundamental book, chapter 7, p124'),(79,'oceb fundamental book, chapter 7, p125'),(80,'oceb fundamental book, chapter 4, p48'),(81,'oceb fundamental book, chapter 4, p49'),(82,'oceb fundamental book, chapter 4, p50'),(83,'oceb fundamental book, chapter 6, p116'),(84,'quickmba.com/accounting/mgmt/balanced-scorecard/'),(85,'oceb fundamental book, chapter 2, p19'),(86,'oceb fundamental book, chapter 7, p136'),(87,'wikipedia'),(88,'oceb fundamental book, chapter 7, p137'),(89,'www.isaca.org/cobit'),(90,'oceb fundamental book, chapter 7, p135'),(91,'oceb fundamental book, chapter 7, p134'),(92,'Six Sigma for Dummies, p189'),(93,'Six Sigma for Dummies, p191'),(94,'oceb fundamental book, chapter 7, p127'),(95,'oceb fundamental book, chapter 7, p128'),(96,'oceb fundamental book, chapter 7, p132'),(97,'oceb fundamental book, chapter 7, p131'),(98,'oceb fundamental book, chapter 6, p78'),(99,'business process incubator practice test 1, Q3');
/*!40000 ALTER TABLE `reference` ENABLE KEYS */;
UNLOCK TABLES;

--
-- Table structure for table `topic`
--

DROP TABLE IF EXISTS `topic`;
/*!40101 SET @saved_cs_client     = @@character_set_client */;
/*!40101 SET character_set_client = utf8 */;
CREATE TABLE `topic` (
  `id` bigint(20) NOT NULL AUTO_INCREMENT,
  `text` varchar(100) NOT NULL,
  PRIMARY KEY (`id`)
) ENGINE=MyISAM AUTO_INCREMENT=185 DEFAULT CHARSET=latin1;
/*!40101 SET character_set_client = @saved_cs_client */;

--
-- Dumping data for table `topic`
--

LOCK TABLES `topic` WRITE;
/*!40000 ALTER TABLE `topic` DISABLE KEYS */;
INSERT INTO `topic` VALUES (1,'animals'),(2,'aquatic'),(3,'bears'),(4,'aquatic animals'),(5,'biology'),(6,'sunlight'),(7,'plants'),(8,'mammals'),(9,'e-government'),(10,'trading'),(11,'commodities'),(12,'options'),(13,'U.S. Presidents'),(14,'joins'),(15,'SQL'),(16,'technical analysis'),(17,'fundamental analysis'),(18,'topic1'),(19,'oceb fundamental'),(20,'chapter 2'),(21,'business functions, markets, and strategies'),(60,'openshift'),(78,'swot'),(160,'bpmn activities'),(161,'message flows'),(162,'bpmn swimlanes'),(163,'bpmn artifacts'),(157,'bpmn events'),(158,'sequence flows'),(159,'activities'),(156,'bpmn gateways'),(104,'marketing'),(155,'BPMN'),(151,'process discovery'),(152,'business process reengineering'),(153,'business process analysis'),(154,'chapter 6'),(116,'project management'),(150,'chapter 3'),(149,'business process'),(145,'analysis methods'),(146,'break even analysis'),(147,'crossover analysis'),(148,'accounting'),(130,'value chain'),(142,'porter\'s five forces'),(143,'market segmentation'),(144,'costs, efforts, and key figures'),(141,'general business'),(164,'Definitions in OCEB Fundamental'),(165,'chapter 7'),(166,'TQM'),(167,'Principles of BPM'),(168,'chapter 4'),(169,'BPR'),(170,'BPM'),(171,'balanced scorecard'),(172,'Regulations and Governance Frameworks'),(173,'Sarbanes-Oxley Act'),(174,'basel II'),(175,'COBIT'),(176,'Quality Frameworks'),(177,'ISO 9000'),(178,'six sigma'),(179,'TPS'),(180,'SCOR'),(181,'VRM'),(182,'BPMM'),(183,'american civil war'),(184,'geography');
/*!40000 ALTER TABLE `topic` ENABLE KEYS */;
UNLOCK TABLES;

--
-- Table structure for table `user_roles`
--

DROP TABLE IF EXISTS `user_roles`;
/*!40101 SET @saved_cs_client     = @@character_set_client */;
/*!40101 SET character_set_client = utf8 */;
CREATE TABLE `user_roles` (
  `id` bigint(20) NOT NULL,
  `text` varchar(100) NOT NULL,
  PRIMARY KEY (`id`)
) ENGINE=MyISAM DEFAULT CHARSET=latin1;
/*!40101 SET character_set_client = @saved_cs_client */;

--
-- Dumping data for table `user_roles`
--

LOCK TABLES `user_roles` WRITE;
/*!40000 ALTER TABLE `user_roles` DISABLE KEYS */;
INSERT INTO `user_roles` VALUES (1,'Administrator'),(2,'General User');
/*!40000 ALTER TABLE `user_roles` ENABLE KEYS */;
UNLOCK TABLES;

--
-- Table structure for table `users`
--

DROP TABLE IF EXISTS `users`;
/*!40101 SET @saved_cs_client     = @@character_set_client */;
/*!40101 SET character_set_client = utf8 */;
CREATE TABLE `users` (
  `id` bigint(20) NOT NULL AUTO_INCREMENT,
  `username` varchar(64) NOT NULL,
  `password` varchar(64) NOT NULL,
  PRIMARY KEY (`id`)
) ENGINE=MyISAM AUTO_INCREMENT=14 DEFAULT CHARSET=latin1;
/*!40101 SET character_set_client = @saved_cs_client */;

--
-- Dumping data for table `users`
--

LOCK TABLES `users` WRITE;
/*!40000 ALTER TABLE `users` DISABLE KEYS */;
INSERT INTO `users` VALUES (1,'johnathan','password'),(2,'billy','password'),(3,'ale','bomboclat'),(4,'erbo','FunBunny'),(5,'amitlath','amitlath'),(6,'qambelly','123456'),(7,'thedarkcoder','9898723707'),(8,'babu','babuji'),(9,'rajsa','babuji'),(10,'alice','password'),(11,'tafn3t','aj69g4b2'),(12,'mershon1','123456'),(13,'Ganesh B','9493983835');
/*!40000 ALTER TABLE `users` ENABLE KEYS */;
UNLOCK TABLES;

--
-- Table structure for table `users_roles_map`
--

DROP TABLE IF EXISTS `users_roles_map`;
/*!40101 SET @saved_cs_client     = @@character_set_client */;
/*!40101 SET character_set_client = utf8 */;
CREATE TABLE `users_roles_map` (
  `user_id` bigint(20) NOT NULL,
  `role_id` bigint(20) NOT NULL,
  KEY `user_id` (`user_id`),
  KEY `role_id` (`role_id`)
) ENGINE=MyISAM DEFAULT CHARSET=latin1;
/*!40101 SET character_set_client = @saved_cs_client */;

--
-- Dumping data for table `users_roles_map`
--

LOCK TABLES `users_roles_map` WRITE;
/*!40000 ALTER TABLE `users_roles_map` DISABLE KEYS */;
INSERT INTO `users_roles_map` VALUES (1,1),(2,2),(3,2),(4,2),(5,2),(6,2),(7,2),(8,2),(9,2),(11,2),(12,2),(13,2);
/*!40000 ALTER TABLE `users_roles_map` ENABLE KEYS */;
UNLOCK TABLES;

--
-- Table structure for table `votes`
--

DROP TABLE IF EXISTS `votes`;
/*!40101 SET @saved_cs_client     = @@character_set_client */;
/*!40101 SET character_set_client = utf8 */;
CREATE TABLE `votes` (
  `id` bigint(20) NOT NULL AUTO_INCREMENT,
  `userId` bigint(20) NOT NULL,
  `entityTypeId` bigint(20) NOT NULL,
  `entityId` bigint(20) NOT NULL,
  `thumbsUp` int(11) NOT NULL,
  `thumbsDown` int(11) NOT NULL,
  PRIMARY KEY (`userId`,`entityId`,`entityTypeId`),
  KEY `id` (`id`)
) ENGINE=MyISAM DEFAULT CHARSET=latin1;
/*!40101 SET character_set_client = @saved_cs_client */;

--
-- Dumping data for table `votes`
--

LOCK TABLES `votes` WRITE;
/*!40000 ALTER TABLE `votes` DISABLE KEYS */;
/*!40000 ALTER TABLE `votes` ENABLE KEYS */;
UNLOCK TABLES;
/*!40103 SET TIME_ZONE=@OLD_TIME_ZONE */;

/*!40101 SET SQL_MODE=@OLD_SQL_MODE */;
/*!40014 SET FOREIGN_KEY_CHECKS=@OLD_FOREIGN_KEY_CHECKS */;
/*!40014 SET UNIQUE_CHECKS=@OLD_UNIQUE_CHECKS */;
/*!40101 SET CHARACTER_SET_CLIENT=@OLD_CHARACTER_SET_CLIENT */;
/*!40101 SET CHARACTER_SET_RESULTS=@OLD_CHARACTER_SET_RESULTS */;
/*!40101 SET COLLATION_CONNECTION=@OLD_COLLATION_CONNECTION */;
/*!40111 SET SQL_NOTES=@OLD_SQL_NOTES */;

-- Dump completed on 2014-12-15  1:55:43

